"C:/Users/silve/OneDrive/Documents/Unreal Projects/MergeHouses/MergeHouses.uproject" 1
"../../../../../../Users/silve/OneDrive/Documents/Unreal Projects/MergeHouses/Binaries/Win64/UnrealEditor.modules" 2
"../../../Engine/Plugins/EnhancedInput/EnhancedInput.uplugin" 3
"../../../Engine/Plugins/BlueprintFileUtils/BlueprintFileUtils.uplugin" 4
"../../../Engine/Plugins/JsonBlueprintUtilities/JsonBlueprintUtilities.uplugin" 5
"../../../Engine/Plugins/MeshPainting/MeshPainting.uplugin" 6
"../../../Engine/Plugins/XGEController/XGEController.uplugin" 7
"../../../Engine/Plugins/LightWeightInstancesEditor/LightWeightInstancesEditor.uplugin" 8
"../../../Engine/Plugins/Bridge/Bridge.uplugin" 9
"../../../Engine/Plugins/ScriptPlugin/ScriptPlugin.uplugin" 10
"../../../Engine/Plugins/FastBuildController/FastBuildController.uplugin" 11
"../../../Engine/Plugins/AudioGameplayVolume/AudioGameplayVolume.uplugin" 12
"../../../Engine/Plugins/RenderGraphInsights/RenderGraphInsights.uplugin" 13
"../../../Engine/Plugins/MemoryUsageQueries/MemoryUsageQueries.uplugin" 14
"../../../Engine/Plugins/AudioGameplay/AudioGameplay.uplugin" 15
"../../../Engine/Plugins/TraceUtilities/TraceUtilities.uplugin" 16
"../../../Engine/Plugins/Enterprise/MDLImporter/MDLImporter.uplugin" 17
"../../../Engine/Plugins/Enterprise/DatasmithC4DImporter/DatasmithC4DImporter.uplugin" 18
"../../../Engine/Plugins/Marketplace/PaperZD/PaperZD.uplugin" 19
"../../../Engine/Plugins/Enterprise/DatasmithContent/DatasmithContent.uplugin" 20
"../../../Engine/Plugins/Enterprise/LidarPointCloud/LidarPointCloud.uplugin" 21
"../../../Engine/Plugins/Enterprise/DatasmithIFCImporter/DatasmithIFCImporter.uplugin" 22
"../../../Engine/Plugins/Enterprise/AxFImporter/AxFImporter.uplugin" 23
"../../../Engine/Plugins/Enterprise/VariantManager/VariantManager.uplugin" 24
"../../../Engine/Plugins/Enterprise/DatasmithImporter/DatasmithImporter.uplugin" 25
"../../../Engine/Plugins/MovieScene/ActorSequence/ActorSequence.uplugin" 26
"../../../Engine/Plugins/Enterprise/VariantManagerContent/VariantManagerContent.uplugin" 27
"../../../Engine/Plugins/Enterprise/DatasmithCADImporter/DatasmithCADImporter.uplugin" 28
"../../../Engine/Plugins/Compression/OodleNetwork/OodleNetwork.uplugin" 29
"../../../Engine/Plugins/Enterprise/GLTFExporter/GLTFExporter.uplugin" 30
"../../../Engine/Plugins/MovieScene/CustomizableSequencerTracks/CustomizableSequencerTracks.uplugin" 31
"../../../Engine/Plugins/Enterprise/DatasmithFBXImporter/DatasmithFBXImporter.uplugin" 32
"../../../Engine/Plugins/MovieScene/ReplayTracks/ReplayTracks.uplugin" 33
"../../../Engine/Plugins/Enterprise/DataprepEditor/DataprepEditor.uplugin" 34
"../../../Engine/Plugins/Enterprise/DatasmithGLTFImporter/DatasmithGLTFImporter.uplugin" 35
"../../../Engine/Plugins/MovieScene/LevelSequenceEditor/LevelSequenceEditor.uplugin" 36
"../../../Engine/Plugins/Interchange/Runtime/Interchange.uplugin" 37
"../../../Engine/Plugins/Interchange/Editor/InterchangeEditor.uplugin" 38
"../../../Engine/Plugins/2D/Paper2D/Paper2D.uplugin" 39
"../../../Engine/Plugins/MovieScene/MoviePipelineMaskRenderPass/MoviePipelineMaskRenderPass.uplugin" 40
"../../../Engine/Plugins/MovieScene/MovieRenderPipeline/MovieRenderPipeline.uplugin" 41
"../../../Engine/Plugins/Messaging/TcpMessaging/TcpMessaging.uplugin" 42
"../../../Engine/Plugins/Messaging/UdpMessaging/UdpMessaging.uplugin" 43
"../../../Engine/Plugins/MovieScene/SequencerScripting/SequencerScripting.uplugin" 44
"../../../Engine/Plugins/Cameras/CameraShakePreviewer/CameraShakePreviewer.uplugin" 45
"../../../Engine/Plugins/Cameras/GameplayCameras/GameplayCameras.uplugin" 46
"../../../Engine/Plugins/Importers/AlembicImporter/AlembicImporter.uplugin" 47
"../../../Engine/Plugins/Tests/AutomationDriverTests/AutomationDriverTests.uplugin" 48
"../../../Engine/Plugins/Tests/InterchangeTests/InterchangeTests.uplugin" 49
"../../../Engine/Plugins/MovieScene/TemplateSequence/TemplateSequence.uplugin" 50
"../../../Engine/Plugins/Tests/EditorTests/EditorTests.uplugin" 51
"../../../Engine/Plugins/Importers/AlembicHairImporter/AlembicHairImporter.uplugin" 52
"../../../Engine/Plugins/Importers/USDMultiUser/USDMultiUser.uplugin" 53
"../../../Engine/Plugins/Messaging/MessagingDebugger/MessagingDebugger.uplugin" 54
"../../../Engine/Plugins/Web/HttpBlueprint/HttpBlueprint.uplugin" 55
"../../../Engine/Plugins/Developer/AnimationSharing/AnimationSharing.uplugin" 56
"../../../Engine/Plugins/NetcodeUnitTest/NetcodeUnitTest/NetcodeUnitTest.uplugin" 57
"../../../Engine/Plugins/Tests/RHITests/RHITests.uplugin" 58
"../../../Engine/Plugins/NetcodeUnitTest/NUTUnrealEngine/NUTUnrealEngine.uplugin" 59
"../../../Engine/Plugins/Tests/PythonAutomationTest/PythonAutomationTest.uplugin" 60
"../../../Engine/Plugins/Protocols/MQTT/MQTT.uplugin" 61
"../../../Engine/Plugins/Tests/FbxAutomationTestBuilder/FbxAutomationTestBuilder.uplugin" 62
"../../../Engine/Plugins/Tests/RuntimeTests/RuntimeTests.uplugin" 63
"../../../Engine/Plugins/Tests/TestSamples/TestSamples.uplugin" 64
"../../../Engine/Plugins/Developer/CodeLiteSourceCodeAccess/CodeLiteSourceCodeAccess.uplugin" 65
"../../../Engine/Plugins/Importers/USDImporter/USDImporter.uplugin" 66
"../../../Engine/Plugins/Developer/CLionSourceCodeAccess/CLionSourceCodeAccess.uplugin" 67
"../../../Engine/Plugins/Developer/BlankPlugin/BlankPlugin.uplugin" 68
"../../../Engine/Plugins/Tests/FunctionalTestingEditor/FunctionalTestingEditor.uplugin" 69
"../../../Engine/Plugins/Developer/OneSkyLocalizationService/OneSkyLocalizationService.uplugin" 70
"../../../Engine/Plugins/Developer/PerforceSourceControl/PerforceSourceControl.uplugin" 71
"../../../Engine/Plugins/Developer/PropertyAccessNode/PropertyAccessNode.uplugin" 72
"../../../Engine/Plugins/Developer/KDevelopSourceCodeAccess/KDevelopSourceCodeAccess.uplugin" 73
"../../../Engine/Plugins/Developer/PixWinPlugin/PixWinPlugin.uplugin" 74
"../../../Engine/Plugins/Developer/GitSourceControl/GitSourceControl.uplugin" 75
"../../../Engine/Plugins/Developer/RenderDocPlugin/RenderDocPlugin.uplugin" 76
"../../../Engine/Plugins/Developer/DumpGPUServices/DumpGPUServices.uplugin" 77
"../../../Engine/Plugins/Developer/PlasticSourceControl/PlasticSourceControl.uplugin" 78
"../../../Engine/Plugins/Developer/RiderSourceCodeAccess/RiderSourceCodeAccess.uplugin" 79
"../../../Engine/Plugins/Developer/SubversionSourceControl/SubversionSourceControl.uplugin" 80
"../../../Engine/Plugins/Developer/PluginUtils/PluginUtils.uplugin" 81
"../../../Engine/Plugins/Developer/TraceDataFiltering/TraceDataFilters.uplugin" 82
"../../../Engine/Plugins/Developer/UObjectPlugin/UObjectPlugin.uplugin" 83
"../../../Engine/Plugins/Slate/SlateScripting/SlateScripting.uplugin" 84
"../../../Engine/Plugins/Developer/TraceSourceFiltering/TraceSourceFilters.uplugin" 85
"../../../Engine/Plugins/Developer/XcodeGPUDebuggerPlugin/XcodeGPUDebuggerPlugin.uplugin" 86
"../../../Engine/Plugins/Developer/VisualStudioCodeSourceCodeAccess/VisualStudioCodeSourceCodeAccess.uplugin" 87
"../../../Engine/Plugins/AI/MassAI/MassAI.uplugin" 88
"../../../Engine/Plugins/Developer/VisualStudioSourceCodeAccess/VisualStudioSourceCodeAccess.uplugin" 89
"../../../Engine/Plugins/Developer/XCodeSourceCodeAccess/XCodeSourceCodeAccess.uplugin" 90
"../../../Engine/Plugins/AI/MassCrowd/MassCrowd.uplugin" 91
"../../../Engine/Plugins/Performance/PerformanceMonitor/PerformanceMonitor.uplugin" 92
"../../../Engine/Plugins/Developer/TextureFormatOodle/TextureFormatOodle.uplugin" 93
"../../../Engine/Plugins/AI/HTNPlanner/HTNPlanner.uplugin" 94
"../../../Engine/Plugins/Experimental/AbilitySystemGameFeatureActions/AbilitySystemGameFeatureActions.uplugin" 95
"../../../Engine/Plugins/Slate/SlateInsights/SlateInsights.uplugin" 96
"../../../Engine/Plugins/Experimental/AnimNext/AnimNext.uplugin" 97
"../../../Engine/Plugins/Developer/NullSourceCodeAccess/NullSourceCodeAccess.uplugin" 98
"../../../Engine/Plugins/AI/MLAdapter/MLAdapter.uplugin" 99
"../../../Engine/Plugins/Experimental/AppleVision/AppleVision.uplugin" 100
"../../../Engine/Plugins/AI/AISupport/AISupport.uplugin" 101
"../../../Engine/Plugins/AI/EnvironmentQueryEditor/EnvironmentQueryEditor.uplugin" 102
"../../../Engine/Plugins/Experimental/AssetPlacementEdMode/AssetPlacementEdMode.uplugin" 103
"../../../Engine/Plugins/Experimental/ChaosCaching/ChaosCaching.uplugin" 104
"../../../Engine/Plugins/Experimental/ChaosClothAsset/ChaosClothAsset.uplugin" 105
"../../../Engine/Plugins/Experimental/ChaosClothEditor/ChaosClothEditor.uplugin" 106
"../../../Engine/Plugins/Experimental/AutomationUtils/AutomationUtils.uplugin" 107
"../../../Engine/Plugins/Experimental/BlueprintStats/BlueprintStats.uplugin" 108
"../../../Engine/Plugins/Experimental/BackChannel/BackChannel.uplugin" 109
"../../../Engine/Plugins/Experimental/ChaosNiagara/ChaosNiagara.uplugin" 110
"../../../Engine/Plugins/Experimental/ChaosCloth/ChaosCloth.uplugin" 111
"../../../Engine/Plugins/Experimental/BlueprintSnapNodes/BlueprintSnapNodes.uplugin" 112
"../../../Engine/Plugins/Experimental/ActorPalette/ActorPalette.uplugin" 113
"../../../Engine/Plugins/Experimental/ChaosClothAssetEditor/ChaosClothAssetEditor.uplugin" 114
"../../../Engine/Plugins/Experimental/CodeEditor/CodeEditor.uplugin" 115
"../../../Engine/Plugins/Experimental/CodeView/CodeView.uplugin" 116
"../../../Engine/Plugins/Experimental/ChaosUserDataPT/ChaosUserDataPT.uplugin" 117
"../../../Engine/Plugins/Experimental/ChaosVehiclesPlugin/ChaosVehiclesPlugin.uplugin" 118
"../../../Engine/Plugins/Experimental/CharacterAI/CharacterAI.uplugin" 119
"../../../Engine/Plugins/Experimental/CineCameraRigs/CineCameraRigs.uplugin" 120
"../../../Engine/Plugins/Experimental/CommonUI/CommonUI.uplugin" 121
"../../../Engine/Plugins/Experimental/ChaosFlesh/ChaosFlesh.uplugin" 122
"../../../Engine/Plugins/Experimental/CinematicPrestreaming/CinematicPrestreaming.uplugin" 123
"../../../Engine/Plugins/Experimental/ChaosEditor/ChaosEditor.uplugin" 124
"../../../Engine/Plugins/Experimental/DefaultInstallBundleManager/DefaultInstallBundleManager.uplugin" 125
"../../../Engine/Plugins/Experimental/Dataflow/Dataflow.uplugin" 126
"../../../Engine/Plugins/Experimental/FieldSystemPlugin/FieldSystemPlugin.uplugin" 127
"../../../Engine/Plugins/Experimental/ColorCorrectRegions/ColorCorrectRegions.uplugin" 128
"../../../Engine/Plugins/Experimental/ChaosSolverPlugin/ChaosSolverPlugin.uplugin" 129
"../../../Engine/Plugins/Experimental/ControlFlows/ControlFlows.uplugin" 130
"../../../Engine/Plugins/Experimental/Fracture/Fracture.uplugin" 131
"../../../Engine/Plugins/Experimental/CommonConversation/CommonConversation.uplugin" 132
"../../../Engine/Plugins/Experimental/Chooser/Chooser.uplugin" 133
"../../../Engine/Plugins/Experimental/GeometryCollectionPlugin/GeometryCollectionPlugin.uplugin" 134
"../../../Engine/Plugins/Experimental/GeometryCacheAbcFile/GeometryCacheAbcFile.uplugin" 135
"../../../Engine/Plugins/Experimental/GameplayBehaviors/GameplayBehaviors.uplugin" 136
"../../../Engine/Plugins/Experimental/GeometryFlow/GeometryFlow.uplugin" 137
"../../../Engine/Plugins/Experimental/GameplayTargetingSystem/TargetingSystem.uplugin" 138
"../../../Engine/Plugins/Experimental/Gauntlet/Gauntlet.uplugin" 139
"../../../Engine/Plugins/Experimental/GizmoEdMode/GizmoEdMode.uplugin" 140
"../../../Engine/Plugins/Experimental/FullBodyIK/FullBodyIK.uplugin" 141
"../../../Engine/Plugins/Experimental/GeometryScripting/GeometryScripting.uplugin" 142
"../../../Engine/Plugins/Experimental/ImagePlate/ImagePlate.uplugin" 143
"../../../Engine/Plugins/Experimental/GPULightmass/GPULightmass.uplugin" 144
"../../../Engine/Plugins/Experimental/Iris/Iris.uplugin" 145
"../../../Engine/Plugins/Experimental/ImpostorBaker/ImpostorBaker.uplugin" 146
"../../../Engine/Plugins/Experimental/GizmoFramework/GizmoFramework.uplugin" 147
"../../../Engine/Plugins/Experimental/Landmass/Landmass.uplugin" 148
"../../../Engine/Plugins/Experimental/JWT/JWT.uplugin" 149
"../../../Engine/Plugins/Experimental/GameFeatures/GameFeatures.uplugin" 150
"../../../Engine/Plugins/Experimental/LiveLinkControlRig/LiveLinkControlRig.uplugin" 151
"../../../Engine/Plugins/Experimental/MeshLODToolset/MeshLODToolset.uplugin" 152
"../../../Engine/Plugins/Experimental/LandscapePatch/LandscapePatch.uplugin" 153
"../../../Engine/Plugins/Experimental/LiveLinkFaceImporter/LiveLinkFaceImporter.uplugin" 154
"../../../Engine/Plugins/Experimental/OpenImageDenoise/OpenImageDenoise.uplugin" 155
"../../../Engine/Plugins/Experimental/HairModelingToolset/HairModelingToolset.uplugin" 156
"../../../Engine/Plugins/Experimental/Mutable/Mutable.uplugin" 157
"../../../Engine/Plugins/Experimental/MotoSynth/MotoSynth.uplugin" 158
"../../../Engine/Plugins/Experimental/PanoramicCapture/PanoramicCapture.uplugin" 159
"../../../Engine/Plugins/Experimental/MeshModelingToolsetExp/MeshModelingToolsetExp.uplugin" 160
"../../../Engine/Plugins/Experimental/NaniteDisplacedMesh/NaniteDisplacedMesh.uplugin" 161
"../../../Engine/Plugins/Experimental/PixelStreamingPlayer/PixelStreamingPlayer.uplugin" 162
"../../../Engine/Plugins/Experimental/PCGGeometryScriptInterop/PCGGeometryScriptInterop.uplugin" 163
"../../../Engine/Plugins/Experimental/MotorSimOutputMotoSynth/MotorSimOutputMotoSynth.uplugin" 164
"../../../Engine/Plugins/Experimental/NNE/NNE.uplugin" 165
"../../../Engine/Plugins/Experimental/NNI/NeuralNetworkInference.uplugin" 166
"../../../Engine/Plugins/Experimental/OptiXDenoise/OptiXDenoise.uplugin" 167
"../../../Engine/Plugins/Experimental/PhysicsControl/PhysicsControl.uplugin" 168
"../../../Engine/Plugins/Experimental/PlanarCutPlugin/PlanarCut.uplugin" 169
"../../../Engine/Plugins/Experimental/PCG/PCG.uplugin" 170
"../../../Engine/Plugins/Experimental/ModularGameplay/ModularGameplay.uplugin" 171
"../../../Engine/Plugins/Experimental/SampleToolsEditorMode/SampleToolsEditorMode.uplugin" 172
"../../../Engine/Plugins/Experimental/PythonScriptPlugin/PythonScriptPlugin.uplugin" 173
"../../../Engine/Plugins/Experimental/ScreenReader/ScreenReader.uplugin" 174
"../../../Engine/Plugins/Experimental/SimpleHMD/SimpleHMD.uplugin" 175
"../../../Engine/Plugins/Experimental/RenderGrid/RenderGrid.uplugin" 176
"../../../Engine/Plugins/Experimental/SlateScreenReader/SlateScreenReader.uplugin" 177
"../../../Engine/Plugins/Experimental/ProxyLODPlugin/ProxyLODPlugin.uplugin" 178
"../../../Engine/Plugins/Experimental/RawInput/RawInput.uplugin" 179
"../../../Engine/Plugins/Experimental/ScriptableToolsFramework/ScriptableToolsFramework.uplugin" 180
"../../../Engine/Plugins/Experimental/ScriptableToolsEditorMode/ScriptableToolsEditorMode.uplugin" 181
"../../../Engine/Plugins/Experimental/Shotgrid/Shotgrid.uplugin" 182
"../../../Engine/Plugins/Experimental/SkeletalReduction/SkeletalReduction.uplugin" 183
"../../../Engine/Plugins/Experimental/TetMeshing/TetMeshing.uplugin" 184
"../../../Engine/Plugins/Experimental/StructUtils/StructUtils.uplugin" 185
"../../../Engine/Plugins/Experimental/Text3D/Text3D.uplugin" 186
"../../../Engine/Plugins/Experimental/RemoteSession/RemoteSession.uplugin" 187
"../../../Engine/Plugins/Experimental/StaticMeshEditorModeling/StaticMeshEditorModeling.uplugin" 188
"../../../Engine/Plugins/Experimental/TextToSpeech/TextToSpeech.uplugin" 189
"../../../Engine/Plugins/Experimental/TextureMediaPlayer/TextureMediaPlayer.uplugin" 190
"../../../Engine/Plugins/Experimental/ToolPresets/ToolPresets.uplugin" 191
"../../../Engine/Plugins/Experimental/PlatformCrypto/PlatformCrypto.uplugin" 192
"../../../Engine/Plugins/Experimental/PythonFoundationPackages/PythonFoundationPackages.uplugin" 193
"../../../Engine/Plugins/Experimental/TypedElementsDataStorage/TypedElementsDataStorage.uplugin" 194
"../../../Engine/Plugins/Experimental/UserToolBoxCore/UserToolBoxCore.uplugin" 195
"../../../Engine/Plugins/Experimental/VirtualCamera/VirtualCamera.uplugin" 196
"../../../Engine/Plugins/Experimental/UserToolBoxBasicCommand/UserToolBoxBasicCommand.uplugin" 197
"../../../Engine/Plugins/Experimental/Volumetrics/Volumetrics.uplugin" 198
"../../../Engine/Plugins/Experimental/VirtualScouting/VirtualScouting.uplugin" 199
"../../../Engine/Plugins/Experimental/WaterExtras/WaterExtras.uplugin" 200
"../../../Engine/Plugins/Experimental/WaveFunctionCollapse/WaveFunctionCollapse.uplugin" 201
"../../../Engine/Plugins/Experimental/VirtualCameraCore/VirtualCameraCore.uplugin" 202
"../../../Engine/Plugins/Experimental/WidgetEditorToolPalette/WidgetEditorToolPalette.uplugin" 203
"../../../Engine/Plugins/Experimental/UIFramework/UIFramework.uplugin" 204
"../../../Engine/Plugins/Experimental/Water/Water.uplugin" 205
"../../../Engine/Plugins/FX/ExampleCustomDataInterface/ExampleCustomDataInterface.uplugin" 206
"../../../Engine/Plugins/Experimental/XRCreativeFramework/XRCreativeFramework.uplugin" 207
"../../../Engine/Plugins/Experimental/VirtualHeightfieldMesh/VirtualHeightfieldMesh.uplugin" 208
"../../../Engine/Plugins/Portal/LauncherChunkInstaller/LauncherChunkInstaller.uplugin" 209
"../../../Engine/Plugins/Experimental/UVEditor/UVEditor.uplugin" 210
"../../../Engine/Plugins/Experimental/VirtualProductionUtilities/VirtualProductionUtilities.uplugin" 211
"../../../Engine/Plugins/Experimental/WebSocketNetworking/WebSocketNetworking.uplugin" 212
"../../../Engine/Plugins/FX/NiagaraFluids/NiagaraFluids.uplugin" 213
"../../../Engine/Plugins/Media/AjaMedia/AjaMedia.uplugin" 214
"../../../Engine/Plugins/Media/AndroidCamera/AndroidCamera.uplugin" 215
"../../../Engine/Plugins/Media/AndroidMedia/AndroidMedia.uplugin" 216
"../../../Engine/Plugins/Media/AudioCaptureTimecodeProvider/AudioCaptureTimecodeProvider.uplugin" 217
"../../../Engine/Plugins/Media/AppleProResMedia/AppleProResMedia.uplugin" 218
"../../../Engine/Plugins/Media/AvfMedia/AvfMedia.uplugin" 219
"../../../Engine/Plugins/Compositing/LensDistortion/LensDistortion.uplugin" 220
"../../../Engine/Plugins/Compositing/Composure/Composure.uplugin" 221
"../../../Engine/Plugins/Compositing/OpenCVLensDistortion/OpenCVLensDistortion.uplugin" 222
"../../../Engine/Plugins/Media/BlackmagicMedia/BlackmagicMedia.uplugin" 223
"../../../Engine/Plugins/Media/AvidDNxMedia/AvidDNxMedia.uplugin" 224
"../../../Engine/Plugins/Media/ElectraUtil/ElectraUtil.uplugin" 225
"../../../Engine/Plugins/Media/HAPMedia/HAPMedia.uplugin" 226
"../../../Engine/Plugins/Media/ElectraPlayer/ElectraPlayer.uplugin" 227
"../../../Engine/Plugins/Media/ElectraCDM/ElectraCDM.uplugin" 228
"../../../Engine/Plugins/Media/BinkMedia/BinkMedia.uplugin" 229
"../../../Engine/Plugins/Media/HLMedia/HLMedia.uplugin" 230
"../../../Engine/Plugins/Media/ImgMedia/ImgMedia.uplugin" 231
"../../../Engine/Plugins/Media/MediaCompositing/MediaCompositing.uplugin" 232
"../../../Engine/Plugins/FX/CascadeToNiagaraConverter/CascadeToNiagaraConverter.uplugin" 233
"../../../Engine/Plugins/Media/MediaIOFramework/MediaIOFramework.uplugin" 234
"../../../Engine/Plugins/FX/Niagara/Niagara.uplugin" 235
"../../../Engine/Plugins/FX/NiagaraSimCaching/NiagaraSimCaching.uplugin" 236
"../../../Engine/Plugins/Media/MediaPlayerEditor/MediaPlayerEditor.uplugin" 237
"../../../Engine/Plugins/Media/MediaFrameworkUtilities/MediaFrameworkUtilities.uplugin" 238
"../../../Engine/Plugins/Media/PixelStreaming/PixelStreaming.uplugin" 239
"../../../Engine/Plugins/Media/LinearTimecode/LinearTimecode.uplugin" 240
"../../../Engine/Plugins/Compositing/OpenColorIO/OpenColorIO.uplugin" 241
"../../../Engine/Plugins/Media/MediaMovieStreamer/MediaMovieStreamer.uplugin" 242
"../../../Engine/Plugins/Media/MfMedia/MfMedia.uplugin" 243
"../../../Engine/Plugins/Media/PixelCapture/PixelCapture.uplugin" 244
"../../../Engine/Plugins/Runtime/ActorLayerUtilities/ActorLayerUtilities.uplugin" 245
"../../../Engine/Plugins/Media/WmfMedia/WmfMedia.uplugin" 246
"../../../Engine/Plugins/Media/MediaPlate/MediaPlate.uplugin" 247
"../../../Engine/Plugins/Runtime/AnimationBudgetAllocator/AnimationBudgetAllocator.uplugin" 248
"../../../Engine/Plugins/Media/WebMMedia/WebMMedia.uplugin" 249
"../../../Engine/Plugins/Runtime/AndroidMoviePlayer/AndroidMoviePlayer.uplugin" 250
"../../../Engine/Plugins/Runtime/AndroidFileServer/AndroidFileServer.uplugin" 251
"../../../Engine/Plugins/Media/ElectraSubtitles/ElectraSubtitles.uplugin" 252
"../../../Engine/Plugins/Runtime/AppleMoviePlayer/AppleMoviePlayer.uplugin" 253
"../../../Engine/Plugins/Runtime/AppleImageUtils/AppleImageUtils.uplugin" 254
"../../../Engine/Plugins/Runtime/AudioCapture/AudioCapture.uplugin" 255
"../../../Engine/Plugins/Runtime/AndroidPermission/AndroidPermission.uplugin" 256
"../../../Engine/Plugins/Runtime/ApexDestruction/ApexDestruction.uplugin" 257
"../../../Engine/Plugins/Runtime/AndroidBackgroundService/AndroidBackgroundService.uplugin" 258
"../../../Engine/Plugins/Media/HardwareEncoders/HardwareEncoders.uplugin" 259
"../../../Engine/Plugins/Runtime/AudioMotorSim/AudioMotorSim.uplugin" 260
"../../../Engine/Plugins/Runtime/AudioModulation/AudioModulation.uplugin" 261
"../../../Engine/Plugins/Runtime/CableComponent/CableComponent.uplugin" 262
"../../../Engine/Plugins/Runtime/ComputeFramework/ComputeFramework.uplugin" 263
"../../../Engine/Plugins/Runtime/AudioSynesthesia/AudioSynesthesia.uplugin" 264
"../../../Engine/Plugins/Runtime/CustomMeshComponent/CustomMeshComponent.uplugin" 265
"../../../Engine/Plugins/Media/TimecodeSynchronizer/TimecodeSynchronizer.uplugin" 266
"../../../Engine/Plugins/Runtime/AudioWidgets/AudioWidgets.uplugin" 267
"../../../Engine/Plugins/Runtime/DataRegistry/DataRegistry.uplugin" 268
"../../../Engine/Plugins/Runtime/ArchVisCharacter/ArchVisCharacter.uplugin" 269
"../../../Engine/Plugins/Runtime/GameplayAbilities/GameplayAbilities.uplugin" 270
"../../../Engine/Plugins/Runtime/Firebase/Firebase.uplugin" 271
"../../../Engine/Plugins/Runtime/GeometryProcessing/GeometryProcessing.uplugin" 272
"../../../Engine/Plugins/Runtime/GeometryCache/GeometryCache.uplugin" 273
"../../../Engine/Plugins/Runtime/AssetTags/AssetTags.uplugin" 274
"../../../Engine/Plugins/Runtime/GoogleCloudMessaging/GoogleCloudMessaging.uplugin" 275
"../../../Engine/Plugins/Runtime/ExampleDeviceProfileSelector/ExampleDeviceProfileSelector.uplugin" 276
"../../../Engine/Plugins/Runtime/GameplayStateTree/GameplayStateTree.uplugin" 277
"../../../Engine/Plugins/Runtime/AndroidDeviceProfileSelector/AndroidDeviceProfileSelector.uplugin" 278
"../../../Engine/Plugins/Runtime/HDRIBackdrop/HDRIBackdrop.uplugin" 279
"../../../Engine/Plugins/Runtime/GeoReferencing/GeoReferencing.uplugin" 280
"../../../Engine/Plugins/Runtime/InputDebugging/InputDebugging.uplugin" 281
"../../../Engine/Plugins/Runtime/GooglePAD/GooglePAD.uplugin" 282
"../../../Engine/Plugins/Runtime/HPMotionController/HPMotionController.uplugin" 283
"../../../Engine/Plugins/Runtime/ChunkDownloader/ChunkDownloader.uplugin" 284
"../../../Engine/Plugins/Runtime/GameplayBehaviorSmartObjects/GameplayBehaviorSmartObjects.uplugin" 285
"../../../Engine/Plugins/Runtime/HairStrands/HairStrands.uplugin" 286
"../../../Engine/Plugins/Runtime/LinuxDeviceProfileSelector/LinuxDeviceProfileSelector.uplugin" 287
"../../../Engine/Plugins/Runtime/LiveLinkOvernDisplay/LiveLinkOverNDisplay.uplugin" 288
"../../../Engine/Plugins/Runtime/GameplayInteractions/GameplayInteractions.uplugin" 289
"../../../Engine/Plugins/Runtime/IOSDeviceProfileSelector/IOSDeviceProfileSelector.uplugin" 290
"../../../Engine/Plugins/Runtime/MassEntity/MassEntity.uplugin" 291
"../../../Engine/Plugins/Runtime/LocationServicesIOSImpl/LocationServicesIOSImpl.uplugin" 292
"../../../Engine/Plugins/Runtime/Metasound/Metasound.uplugin" 293
"../../../Engine/Plugins/Runtime/MassGameplay/MassGameplay.uplugin" 294
"../../../Engine/Plugins/Runtime/LocationServicesAndroidImpl/LocationServicesAndroidImpl.uplugin" 295
"../../../Engine/Plugins/Runtime/MIDIDevice/MIDIDevice.uplugin" 296
"../../../Engine/Plugins/Runtime/LocationServicesBPLibrary/LocationServicesBPLibrary.uplugin" 297
"../../../Engine/Plugins/Runtime/IOSReplayKit/IOSReplayKit.uplugin" 298
"../../../Engine/Plugins/Runtime/HTTPChunkInstaller/HTTPChunkInstaller.uplugin" 299
"../../../Engine/Plugins/Runtime/MeshModelingToolset/MeshModelingToolset.uplugin" 300
"../../../Engine/Plugins/Runtime/MicrosoftSpatialAudio/MicroSoftSpatialSound.uplugin" 301
"../../../Engine/Plugins/Runtime/nDisplay/nDisplay.uplugin" 302
"../../../Engine/Plugins/Runtime/MixedRealityCaptureFramework/MixedRealityCaptureFramework.uplugin" 303
"../../../Engine/Plugins/Runtime/nDisplayModularFeatures/nDisplayModularFeatures.uplugin" 304
"../../../Engine/Plugins/Runtime/NavCorridor/NavCorridor.uplugin" 305
"../../../Engine/Plugins/Runtime/MobileFSR/MobileFSR.uplugin" 306
"../../../Engine/Plugins/Runtime/NetworkPredictionExtras/NetworkPredictionExtras.uplugin" 307
"../../../Engine/Plugins/Runtime/OpenXR/OpenXR.uplugin" 308
"../../../Engine/Plugins/Runtime/NetworkPredictionInsights/NetworkPredictionInsights.uplugin" 309
"../../../Engine/Plugins/Runtime/OpenCV/OpenCV.uplugin" 310
"../../../Engine/Plugins/Runtime/MobilePatchingUtils/MobilePatchingUtils.uplugin" 311
"../../../Engine/Plugins/Runtime/OpenXRHandTracking/OpenXRHandTracking.uplugin" 312
"../../../Engine/Plugins/Runtime/OpenXREyeTracker/OpenXREyeTracker.uplugin" 313
"../../../Engine/Plugins/Runtime/OpenXRMsftHandInteraction/OpenXRMsftHandInteraction.uplugin" 314
"../../../Engine/Plugins/Runtime/OpenXRViveTracker/OpenXRViveTracker.uplugin" 315
"../../../Engine/Plugins/Runtime/ModelViewViewModel/ModelViewViewModel.uplugin" 316
"../../../Engine/Plugins/Runtime/OSC/OSC.uplugin" 317
"../../../Engine/Plugins/Runtime/NetworkPrediction/NetworkPrediction.uplugin" 318
"../../../Engine/Plugins/Runtime/OptionalMobileFeaturesBPLibrary/OptionalMobileFeaturesBPLibrary.uplugin" 319
"../../../Engine/Plugins/Runtime/OSCModulationMixing/OSCModulationMixing.uplugin" 320
"../../../Engine/Plugins/Runtime/PropertyAccess/PropertyAccessEditor.uplugin" 321
"../../../Engine/Plugins/Runtime/ProceduralMeshComponent/ProceduralMeshComponent.uplugin" 322
"../../../Engine/Plugins/Runtime/ReplicationGraph/ReplicationGraph.uplugin" 323
"../../../Engine/Plugins/Runtime/ReplicationSystemTestPlugin/ReplicationSystemTestPlugin.uplugin" 324
"../../../Engine/Plugins/Runtime/RenderTrace/RenderTrace.uplugin" 325
"../../../Engine/Plugins/Runtime/ResonanceAudio/ResonanceAudio.uplugin" 326
"../../../Engine/Plugins/Runtime/SignificanceManager/SignificanceManager.uplugin" 327
"../../../Engine/Plugins/Runtime/SoundFields/SoundFields.uplugin" 328
"../../../Engine/Plugins/Runtime/PreLoadScreenMoviePlayer/PreLoadScreenMoviePlayer.uplugin" 329
"../../../Engine/Plugins/Runtime/SkeletalMerging/SkeletalMerging.uplugin" 330
"../../../Engine/Plugins/Runtime/SmartObjects/SmartObjects.uplugin" 331
"../../../Engine/Plugins/Runtime/Soundscape/Soundscape.uplugin" 332
"../../../Engine/Plugins/Runtime/Spatialization/Spatialization.uplugin" 333
"../../../Engine/Plugins/Runtime/SoundMod/SoundMod.uplugin" 334
"../../../Engine/Plugins/Runtime/SunPosition/SunPosition.uplugin" 335
"../../../Engine/Plugins/Runtime/Synthesis/Synthesis.uplugin" 336
"../../../Engine/Plugins/Runtime/SoundUtilities/SoundUtilities.uplugin" 337
"../../../Engine/Plugins/Runtime/WebBrowserNativeProxy/WebBrowserNativeProxy.uplugin" 338
"../../../Engine/Plugins/Runtime/WarpUtils/WarpUtils.uplugin" 339
"../../../Engine/Plugins/Runtime/WaveTable/WaveTable.uplugin" 340
"../../../Engine/Plugins/Runtime/StateTree/StateTree.uplugin" 341
"../../../Engine/Plugins/Runtime/WindowsMoviePlayer/WindowsMoviePlayer.uplugin" 342
"../../../Engine/Plugins/Runtime/WebBrowserWidget/WebBrowserWidget.uplugin" 343
"../../../Engine/Plugins/Runtime/WebMMoviePlayer/WebMMoviePlayer.uplugin" 344
"../../../Engine/Plugins/Runtime/ZoneGraph/ZoneGraph.uplugin" 345
"../../../Engine/Plugins/Runtime/SoundCueTemplates/SoundCueTemplates.uplugin" 346
"../../../Engine/Plugins/Runtime/WorldConditions/WorldConditions.uplugin" 347
"../../../Engine/Plugins/Editor/AssetRegistryExport/AssetRegistryExport.uplugin" 348
"../../../Engine/Plugins/Editor/AssetReferenceRestrictions/AssetReferenceRestrictions.uplugin" 349
"../../../Engine/Plugins/Editor/AssetSearch/AssetSearch.uplugin" 350
"../../../Engine/Plugins/Editor/BlueprintMaterialTextureNodes/BlueprintMaterialTextureNodes.uplugin" 351
"../../../Engine/Plugins/Runtime/WindowsDeviceProfileSelector/WindowsDeviceProfileSelector.uplugin" 352
"../../../Engine/Plugins/Runtime/ZoneGraphAnnotations/ZoneGraphAnnotations.uplugin" 353
"../../../Engine/Plugins/Editor/BlueprintHeaderView/BlueprintHeaderView.uplugin" 354
"../../../Engine/Plugins/Editor/ConsoleVariablesEditor/ConsoleVariables.uplugin" 355
"../../../Engine/Plugins/Editor/ChangelistReview/ChangelistReview.uplugin" 356
"../../../Engine/Plugins/Editor/CryptoKeys/CryptoKeys.uplugin" 357
"../../../Engine/Plugins/Editor/DataValidation/DataValidation.uplugin" 358
"../../../Engine/Plugins/Editor/EditorDebugTools/EditorDebugTools.uplugin" 359
"../../../Engine/Plugins/Editor/EditorScriptingUtilities/EditorScriptingUtilities.uplugin" 360
"../../../Engine/Plugins/Editor/CurveEditorTools/CurveEditorTools.uplugin" 361
"../../../Engine/Plugins/Editor/DisplayClusterLaunch/DisplayClusterLaunch.uplugin" 362
"../../../Engine/Plugins/Editor/EngineAssetDefinitions/EngineAssetDefinitions.uplugin" 363
"../../../Engine/Plugins/Editor/GameplayTagsEditor/GameplayTagsEditor.uplugin" 364
"../../../Engine/Plugins/Editor/GLTFImporter/GLTFImporter.uplugin" 365
"../../../Engine/Plugins/Editor/GuidedTutorials/GuidedTutorials.uplugin" 366
"../../../Engine/Plugins/Editor/MacGraphicsSwitching/MacGraphicsSwitching.uplugin" 367
"../../../Engine/Plugins/Editor/AssetManagerEditor/AssetManagerEditor.uplugin" 368
"../../../Engine/Plugins/Editor/MaterialAnalyzer/MaterialAnalyzer.uplugin" 369
"../../../Engine/Plugins/Editor/WaveformEditor/WaveformEditor.uplugin" 370
"../../../Engine/Plugins/Editor/PluginBrowser/PluginBrowser.uplugin" 371
"../../../Engine/Plugins/Editor/FacialAnimation/FacialAnimation.uplugin" 372
"../../../Engine/Plugins/Editor/SpeedTreeImporter/SpeedTreeImporter.uplugin" 373
"../../../Engine/Plugins/Editor/LiveUpdateForSlate/LiveUpdateForSlate.uplugin" 374
"../../../Engine/Plugins/Editor/SequencerAnimTools/SequencerAnimTools.uplugin" 375
"../../../Engine/Plugins/Editor/StylusInput/StylusInput.uplugin" 376
"../../../Engine/Plugins/VirtualProduction/EpicStageApp/EpicStageApp.uplugin" 377
"../../../Engine/Plugins/VirtualProduction/DataCharts/DataCharts.uplugin" 378
"../../../Engine/Plugins/VirtualProduction/CameraCalibrationCore/CameraCalibrationCore.uplugin" 379
"../../../Engine/Plugins/VirtualProduction/CompositePlane/CompositePlane.uplugin" 380
"../../../Engine/Plugins/VirtualProduction/CameraCalibration/CameraCalibration.uplugin" 381
"../../../Engine/Plugins/Editor/ModelingToolsEditorMode/ModelingToolsEditorMode.uplugin" 382
"../../../Engine/Plugins/Editor/MakeCookedEditorAsDLC/MakeCookedEditorAsDLC.uplugin" 383
"../../../Engine/Plugins/Editor/WorldPartitionHLODUtilities/WorldPartitionHLODUtilities.uplugin" 384
"../../../Engine/Plugins/VirtualProduction/LiveLinkLens/LiveLinkLens.uplugin" 385
"../../../Engine/Plugins/VirtualProduction/LiveLinkFreeD/LiveLinkFreeD.uplugin" 386
"../../../Engine/Plugins/VirtualProduction/LiveLinkXR/LiveLinkXR.uplugin" 387
"../../../Engine/Plugins/VirtualProduction/LiveLinkPrestonMDR/LiveLinkPrestonMDR.uplugin" 388
"../../../Engine/Plugins/Editor/GeometryMode/GeometryMode.uplugin" 389
"../../../Engine/Plugins/VirtualProduction/ICVFX/ICVFX.uplugin" 390
"../../../Engine/Plugins/VirtualProduction/RemoteControlProtocolDMX/RemoteControlProtocolDMX.uplugin" 391
"../../../Engine/Plugins/VirtualProduction/LiveLinkMasterLockit/LiveLinkMasterLockit.uplugin" 392
"../../../Engine/Plugins/VirtualProduction/LevelSnapshots/LevelSnapshots.uplugin" 393
"../../../Engine/Plugins/VirtualProduction/RemoteControl/RemoteControl.uplugin" 394
"../../../Engine/Plugins/VirtualProduction/RemoteControlProtocolMIDI/RemoteControlProtocolMIDI.uplugin" 395
"../../../Engine/Plugins/VirtualProduction/RemoteControlInterception/RemoteControlInterception.uplugin" 396
"../../../Engine/Plugins/VirtualProduction/RemoteControlWebInterface/RemoteControlWebInterface.uplugin" 397
"../../../Engine/Plugins/VirtualProduction/RemoteControlProtocolOSC/RemoteControlProtocolOSC.uplugin" 398
"../../../Engine/Plugins/VirtualProduction/MultiUserTakes/MultiUserTakes.uplugin" 399
"../../../Engine/Plugins/VirtualProduction/StageMonitoring/StageMonitoring.uplugin" 400
"../../../Engine/Plugins/Animation/AnimationData/AnimationData.uplugin" 401
"../../../Engine/Plugins/VirtualProduction/SequencerPlaylists/SequencerPlaylists.uplugin" 402
"../../../Engine/Plugins/VirtualProduction/TextureShare/TextureShare.uplugin" 403
"../../../Engine/Plugins/Animation/AnimationLocomotionLibrary/AnimationLocomotionLibrary.uplugin" 404
"../../../Engine/Plugins/VirtualProduction/Switchboard/Switchboard.uplugin" 405
"../../../Engine/Plugins/VirtualProduction/Takes/Takes.uplugin" 406
"../../../Engine/Plugins/VirtualProduction/TimedDataMonitor/TimedDataMonitor.uplugin" 407
"../../../Engine/Plugins/Animation/GameplayInsights/GameplayInsights.uplugin" 408
"../../../Engine/Plugins/Animation/AnimationWarping/AnimationWarping.uplugin" 409
"../../../Engine/Plugins/Animation/IKRig/IKRig.uplugin" 410
"../../../Engine/Plugins/Animation/AnimToTexture/AnimToTexture.uplugin" 411
"../../../Engine/Plugins/Animation/ControlRigSpline/ControlRigSpline.uplugin" 412
"../../../Engine/Plugins/Animation/RigLogic/RigLogic.uplugin" 413
"../../../Engine/Plugins/Animation/ControlRig/ControlRig.uplugin" 414
"../../../Engine/Plugins/Animation/BlendSpaceMotionAnalysis/BlendSpaceMotionAnalysis.uplugin" 415
"../../../Engine/Plugins/Online/EOSShared/EOSShared.uplugin" 416
"../../../Engine/Plugins/Editor/MobileLauncherProfileWizard/MobileLauncherProfileWizard.uplugin" 417
"../../../Engine/Plugins/Online/OnlineServices/OnlineServices.uplugin" 418
"../../../Engine/Plugins/Animation/DeformerGraph/DeformerGraph.uplugin" 419
"../../../Engine/Plugins/Online/OnlineBase/OnlineBase.uplugin" 420
"../../../Engine/Plugins/Animation/LiveLink/LiveLink.uplugin" 421
"../../../Engine/Plugins/Online/OnlineServicesEOSGS/OnlineServicesEOSGS.uplugin" 422
"../../../Engine/Plugins/VirtualProduction/LiveLinkCamera/LiveLinkCamera.uplugin" 423
"../../../Engine/Plugins/Online/OnlineServicesEOS/OnlineServicesEOS.uplugin" 424
"../../../Engine/Plugins/Online/OnlineSubsystem/OnlineSubsystem.uplugin" 425
"../../../Engine/Plugins/Online/OnlineSubsystemAmazon/OnlineSubsystemAmazon.uplugin" 426
"../../../Engine/Plugins/Online/OnlineServicesNull/OnlineServicesNull.uplugin" 427
"../../../Engine/Plugins/Online/OnlineSubsystemFacebook/OnlineSubsystemFacebook.uplugin" 428
"../../../Engine/Plugins/Online/OnlineSubsystemApple/OnlineSubsystemApple.uplugin" 429
"../../../Engine/Plugins/Online/OnlineFramework/OnlineFramework.uplugin" 430
"../../../Engine/Plugins/Animation/MotionWarping/MotionWarping.uplugin" 431
"../../../Engine/Plugins/Online/OnlineSubsystemEOS/OnlineSubsystemEOS.uplugin" 432
"../../../Engine/Plugins/Online/OnlineSubsystemNull/OnlineSubsystemNull.uplugin" 433
"../../../Engine/Plugins/Online/OnlineServicesOSSAdapter/OnlineServicesOSSAdapter.uplugin" 434
"../../../Engine/Plugins/Online/OnlineSubsystemSteam/OnlineSubsystemSteam.uplugin" 435
"../../../Engine/Plugins/Online/OnlineSubsystemUtils/OnlineSubsystemUtils.uplugin" 436
"../../../Engine/Plugins/Online/SocketSubsystemEOS/SocketSubsystemEOS.uplugin" 437
"../../../Engine/Plugins/VirtualProduction/LiveLinkVRPN/LiveLinkVRPN.uplugin" 438
"../../../Engine/Plugins/Online/OnlineSubsystemGoogle/OnlineSubsystemGoogle.uplugin" 439
"../../../Engine/Plugins/Animation/LiveLinkCurveDebugUI/LiveLinkCurveDebugUI.uplugin" 440
"../../../Engine/Plugins/Animation/AnimationModifierLibrary/AnimationModifierLibrary.uplugin" 441
"../../../Engine/Plugins/Online/WebAuth/WebAuth.uplugin" 442
"../../../Engine/Plugins/Online/OnlineSubsystemOculus/OnlineSubsystemOculus.uplugin" 443
"../../../Engine/Plugins/Experimental/Animation/ContextualAnimation/ContextualAnimation.uplugin" 444
"../../../Engine/Plugins/Experimental/Animation/Optimus/Optimus.uplugin" 445
"../../../Engine/Plugins/Runtime/Database/ADOSupport/ADOSupport.uplugin" 446
"../../../Engine/Plugins/Runtime/AR/AzureSpatialAnchors/AzureSpatialAnchors.uplugin" 447
"../../../Engine/Plugins/Experimental/Animation/PoseSearch/PoseSearch.uplugin" 448
"../../../Engine/Plugins/Experimental/Animation/SkeletalMeshModelingTools/SkeletalMeshModelingTools.uplugin" 449
"../../../Engine/Plugins/Experimental/Animation/CurveExpression/CurveExpression.uplugin" 450
"../../../Engine/Plugins/Runtime/Database/RemoteDatabaseSupport/RemoteDatabaseSupport.uplugin" 451
"../../../Engine/Plugins/Runtime/Database/DatabaseSupport/DatabaseSupport.uplugin" 452
"../../../Engine/Plugins/Runtime/AR/ARUtilities/ARUtilities.uplugin" 453
"../../../Engine/Plugins/Experimental/Animation/MotionTrajectory/MotionTrajectory.uplugin" 454
"../../../Engine/Plugins/Experimental/Animation/PoseCorrectives/PoseCorrectives.uplugin" 455
"../../../Engine/Plugins/Runtime/Steam/SteamController/SteamController.uplugin" 456
"../../../Engine/Plugins/Online/OnlineSubsystemTencent/OnlineSubsystemTencent.uplugin" 457
"../../../Engine/Plugins/Runtime/AR/AzureSpatialAnchorsForARCore/AzureSpatialAnchorsForARCore.uplugin" 458
"../../../Engine/Plugins/Runtime/Database/SQLiteCore/SQLiteCore.uplugin" 459
"../../../Engine/Plugins/Runtime/Steam/SteamShared/SteamShared.uplugin" 460
"../../../Engine/Plugins/Runtime/Steam/SteamSockets/SteamSockets.uplugin" 461
"../../../Engine/Plugins/VirtualProduction/Rivermax/RivermaxCore/RivermaxCore.uplugin" 462
"../../../Engine/Plugins/Runtime/Steam/SteamVR/SteamVR.uplugin" 463
"../../../Engine/Plugins/Runtime/Database/SQLiteSupport/SQLiteSupport.uplugin" 464
"../../../Engine/Plugins/Runtime/Nvidia/GeForceNOWWrapper/GeForceNOWWrapper.uplugin" 465
"../../../Engine/Plugins/Experimental/Web/WebAPI/WebAPI.uplugin" 466
"../../../Engine/Plugins/Runtime/MeshReconstruction/DummyMeshReconstructor/DummyMeshReconstructor.uplugin" 467
"../../../Engine/Plugins/Runtime/Oculus/OculusAudio/OculusAudio.uplugin" 468
"../../../Engine/Plugins/Runtime/Nvidia/Reflex/Reflex.uplugin" 469
"../../../Engine/Plugins/Editor/ObjectMixer/ObjectMixer/ObjectMixer.uplugin" 470
"../../../Engine/Plugins/Editor/ObjectMixer/LightMixer/LightMixer.uplugin" 471
"../../../Engine/Plugins/Runtime/AR/AzureSpatialAnchorsForARKit/AzureSpatialAnchorsForARKit.uplugin" 472
"../../../Engine/Plugins/Online/Android/AndroidFetchBackgroundDownload/AndroidFetchBackgroundDownload.uplugin" 473
"../../../Engine/Plugins/Runtime/Oculus/OculusVR/OculusVR.uplugin" 474
"../../../Engine/Plugins/Runtime/Steam/SteamAudio/SteamAudio.uplugin" 475
"../../../Engine/Plugins/Experimental/Enterprise/DataprepGeometryOperations/DataprepGeometryOperations.uplugin" 476
"../../../Engine/Plugins/Online/VoiceChat/VoiceChat/VoiceChat.uplugin" 477
"../../../Engine/Plugins/Runtime/Analytics/Adjust/Adjust.uplugin" 478
"../../../Engine/Plugins/VirtualProduction/Rivermax/RivermaxMedia/RivermaxMedia.uplugin" 479
"../../../Engine/Plugins/Experimental/AR/PointCloud/PointCloud.uplugin" 480
"../../../Engine/Plugins/Runtime/Analytics/FileLogging/FileLogging.uplugin" 481
"../../../Engine/Plugins/Experimental/Enterprise/DatasmithInterchange/DatasmithInterchange.uplugin" 482
"../../../Engine/Plugins/Online/VoiceChat/EOSVoiceChat/EOSVoiceChat.uplugin" 483
"../../../Engine/Plugins/Runtime/Analytics/AnalyticsBlueprintLibrary/AnalyticsBlueprintLibrary.uplugin" 484
"../../../Engine/Plugins/Experimental/Enterprise/DatasmithRuntime/DatasmithRuntime.uplugin" 485
"../../../Engine/Plugins/Experimental/CharacterFXEditor/ExampleCharacterFXEditor/ExampleCharacterFXEditor.uplugin" 486
"../../../Engine/Plugins/Runtime/PacketHandlers/AESGCMHandlerComponent/AESGCMHandlerComponent.uplugin" 487
"../../../Engine/Plugins/Experimental/CharacterFXEditor/BaseCharacterFXEditor/BaseCharacterFXEditor.uplugin" 488
"../../../Engine/Plugins/Runtime/XR/XRVisualization/XRVisualization.uplugin" 489
"../../../Engine/Plugins/Runtime/Advertising/IOSTapJoy/IOSTapJoy.uplugin" 490
"../../../Engine/Plugins/Runtime/Analytics/Flurry/Flurry.uplugin" 491
"../../../Engine/Plugins/VirtualProduction/DMX/DMXDisplayCluster/DMXDisplayCluster.uplugin" 492
"../../../Engine/Plugins/Runtime/PacketHandlers/AESHandlerComponent/AESHandlerComponent.uplugin" 493
"../../../Engine/Plugins/Runtime/PacketHandlers/DTLSHandlerComponent/DTLSHandlerComponent.uplugin" 494
"../../../Engine/Plugins/VirtualProduction/DMX/DMXModularFeatures/DMXModularFeatures.uplugin" 495
"../../../Engine/Plugins/Runtime/Windows/WinDualShock/WinDualShock.uplugin" 496
"../../../Engine/Plugins/VirtualProduction/DMX/DatasmithMVR/DatasmithMVR.uplugin" 497
"../../../Engine/Plugins/Online/Android/OnlineSubsystemGooglePlay/OnlineSubsystemGooglePlay.uplugin" 498
"../../../Engine/Plugins/Online/IOS/OnlineSubsystemIOS/OnlineSubsystemIOS.uplugin" 499
"../../../Engine/Plugins/Experimental/VirtualProduction/VPSettings/VPSettings.uplugin" 500
"../../../Engine/Plugins/Experimental/VirtualProduction/LedWallCalibration/LedWallCalibration.uplugin" 501
"../../../Engine/Plugins/VirtualProduction/DMX/DMXEngine/DMXEngine.uplugin" 502
"../../../Engine/Plugins/VirtualProduction/DMX/DMXPixelMapping/DMXPixelMapping.uplugin" 503
"../../../Engine/Plugins/Experimental/VirtualProduction/VPRoles/VPRoles.uplugin" 504
"../../../Engine/Plugins/Runtime/Analytics/AnalyticsMulticast/AnalyticsMulticast.uplugin" 505
"../../../Engine/Plugins/VirtualProduction/DMX/DMXFixtures/DMXFixtures.uplugin" 506
"../../../Engine/Plugins/Experimental/AVCodecs/AMFCodecs/AMFCodecs.uplugin" 507
"../../../Engine/Plugins/Animation/MLDeformer/NearestNeighborModel/NearestNeighborModel.uplugin" 508
"../../../Engine/Plugins/Editor/ContentBrowser/ContentBrowserFileDataSource/ContentBrowserFileDataSource.uplugin" 509
"../../../Engine/Plugins/VirtualProduction/DMX/DMXProtocol/DMXProtocol.uplugin" 510
"../../../Engine/Plugins/Editor/ContentBrowser/ContentBrowserAliasDataSoure/ContentBrowserAliasDataSource.uplugin" 511
"../../../Engine/Plugins/Animation/MLDeformer/NeuralMorphModel/NeuralMorphModel.uplugin" 512
"../../../Engine/Plugins/VirtualProduction/DMX/DMXControlConsole/DMXControlConsole.uplugin" 513
"../../../Engine/Plugins/Editor/ContentBrowser/ContentBrowserAssetDataSource/ContentBrowserAssetDataSource.uplugin" 514
"../../../Engine/Plugins/Animation/MLDeformer/MLDeformerFramework/MLDeformerFramework.uplugin" 515
"../../../Engine/Plugins/Experimental/AVCodecs/NVCodecs/NVCodecs.uplugin" 516
"../../../Engine/Plugins/Experimental/AVCodecs/WMFCodecs/WMFCodecs.uplugin" 517
"../../../Engine/Plugins/Developer/Concert/ConcertMain/ConcertMain.uplugin" 518
"../../../Engine/Plugins/Experimental/AVCodecs/AVCodecsCore/AVCodecsCore.uplugin" 519
"../../../Engine/Plugins/Animation/MLDeformer/VertexDeltaModel/VertexDeltaModel.uplugin" 520
"../../../Engine/Plugins/Developer/Concert/ConcertApp/DisasterRecoveryClient/DisasterRecoveryClient.uplugin" 521
"../../../Engine/Plugins/Editor/ContentBrowser/ContentBrowserClassDataSource/ContentBrowserClassDataSource.uplugin" 522
"../../../Engine/Plugins/Runtime/AR/AppleAR/AppleARKit/AppleARKit.uplugin" 523
"../../../Engine/Plugins/Developer/Concert/ConcertApp/MultiUserServer/MultiUserServer.uplugin" 524
"../../../Engine/Plugins/Runtime/AR/AppleAR/AppleARKitFaceSupport/AppleARKitFaceSupport.uplugin" 525
"../../../Engine/Plugins/Developer/Concert/ConcertSync/ConcertSyncServer/ConcertSyncServer.uplugin" 526
"../../../Engine/Plugins/Developer/Concert/ConcertSync/ConcertSyncClient/ConcertSyncClient.uplugin" 527
"../../../Engine/Plugins/Developer/Concert/ConcertSync/ConcertSyncTest/ConcertSyncTest.uplugin" 528
"../../../Engine/Plugins/Runtime/AR/Google/GoogleARCoreServices/GoogleARCoreServices.uplugin" 529
"../../../Engine/Plugins/Runtime/AR/Google/GoogleARCore/GoogleARCore.uplugin" 530
"../../../Engine/Plugins/Developer/Concert/ConcertSync/ConcertSyncCore/ConcertSyncCore.uplugin" 531
"../../../Engine/Plugins/Developer/Concert/ConcertUI/ConcertClientSharedSlate/ConcertClientSharedSlate.uplugin" 532
"../../../Engine/Plugins/Developer/Concert/ConcertApp/MultiUserClient/MultiUserClient.uplugin" 533
"../../../Engine/Plugins/Developer/Concert/ConcertUI/ConcertSharedSlate/ConcertSharedSlate.uplugin" 534
"../../../Engine/Platforms/HoloLens/Plugins/Online/OnlineServicesEOS/OnlineServicesEOS_HoloLens.uplugin" 535
"../../../Engine/Platforms/HoloLens/Plugins/Runtime/OpenXR/OpenXR_HoloLens.uplugin" 536
"../../../Engine/Platforms/HoloLens/Plugins/Media/HLMedia/HLMedia_HoloLens.uplugin" 537
"../../../Engine/Platforms/HoloLens/Plugins/Runtime/GeoReferencing/GeoReferencing_HoloLens.uplugin" 538
"../../../Engine/Platforms/HoloLens/Plugins/Runtime/OpenXREyeTracker/OpenXREyeTracker_HoloLens.uplugin" 539
"../../../Engine/Platforms/HoloLens/Plugins/Media/MfMedia/MfMedia_HoloLens.uplugin" 540
"../../../Engine/Platforms/HoloLens/Plugins/Online/OnlineServicesEOSGS/OnlineServicesEOSGS_HoloLens.uplugin" 541
"../../../Engine/Platforms/HoloLens/Plugins/Media/BinkMedia/BinkMedia_HoloLens.uplugin" 542
"../../../Engine/Platforms/HoloLens/Plugins/Runtime/OpenXRMsftHandInteraction/OpenXRMsftHandInteraction_HoloLens.uplugin" 543
"../../../Engine/Platforms/HoloLens/Plugins/Runtime/AR/AzureSpatialAnchors/AzureSpatialAnchors_HoloLens.uplugin" 544
"../../../Engine/Platforms/HoloLens/Plugins/Runtime/MicrosoftSpatialAudio/MicroSoftSpatialSound_HoloLens.uplugin" 545
"../../../Engine/Platforms/HoloLens/Plugins/Runtime/OpenXRHandTracking/OpenXRHandTracking_HoloLens.uplugin" 546
"../../../Engine/Platforms/HoloLens/Plugins/Runtime/ApexDestruction/ApexDestruction_HoloLens.uplugin" 547
"../../../Engine/Platforms/HoloLens/Plugins/Compression/OodleNetwork/OodleNetwork_HoloLens.uplugin" 548
"../../../Engine/Content/Internationalization/icudt64l/cnvalias.icu" 549
"../../../Engine/Content/Internationalization/icudt64l/res_index.res" 550
"../../../Engine/Content/Internationalization/icudt64l/plurals.res" 551
"../../../Engine/Content/Internationalization/icudt64l/lang/ru.res" 552
"../../../Engine/Content/Internationalization/icudt64l/lang/pool.res" 553
"../../../Engine/Content/Internationalization/icudt64l/lang/root.res" 554
"../../../Engine/Content/Internationalization/icudt64l/region/ru.res" 555
"../../../Engine/Content/Internationalization/icudt64l/region/pool.res" 556
"../../../Engine/Content/Internationalization/icudt64l/region/root.res" 557
"../../../Engine/Content/Internationalization/icudt64l/lang/en.res" 558
"../../../Engine/Content/Internationalization/icudt64l/region/en.res" 559
"../../../Engine/Content/Internationalization/icudt64l/windowsZones.res" 560
"../../../Engine/Content/Internationalization/icudt64l/zoneinfo64.res" 561
"../../../Engine/Content/Internationalization/icudt64l/keyTypeData.res" 562
"../../../Engine/Content/Internationalization/icudt64l/timezoneTypes.res" 563
"../../../Engine/Content/Internationalization/icudt64l/likelySubtags.res" 564
"../../../Engine/Content/Internationalization/icudt64l/ru_RU.res" 565
"../../../Engine/Content/Internationalization/icudt64l/pool.res" 566
"../../../Engine/Content/Internationalization/icudt64l/ru.res" 567
"../../../Engine/Content/Internationalization/icudt64l/root.res" 568
"../../../Engine/Content/Internationalization/icudt64l/supplementalData.res" 569
"../../../Engine/Config/ConfigRedirects.ini" 570
"C:/Users/silve/AppData/Local/UnrealEngine/5.2/Saved/Config/WindowsEditor/Manifest.ini" 571
"../../../Engine/Config/Base.ini" 572
"../../../Engine/Config/BaseEngine.ini" 573
"../../../../../../Users/silve/OneDrive/Documents/Unreal Projects/MergeHouses/Config/DefaultEngine.ini" 574
"../../../Engine/Platforms/HoloLens/Config/BaseHoloLensEngine.ini" 575
"../../../Engine/Config/LinuxArm64/BaseLinuxArm64Engine.ini" 576
"../../../Engine/Config/Windows/BaseWindowsEngine.ini" 577
"../../../Engine/Config/IOS/BaseIOSEngine.ini" 578
"../../../Engine/Config/HoloLens/HoloLensEngine.ini" 579
"../../../Engine/Config/Mac/BaseMacEngine.ini" 580
"../../../Engine/Config/Android/BaseAndroidEngine.ini" 581
"../../../Engine/Config/Linux/BaseLinuxEngine.ini" 582
"../../../Engine/Config/Unix/UnixEngine.ini" 583
"../../../Engine/Config/Windows/WindowsEngine.ini" 584
"../../../../../../Users/silve/OneDrive/Documents/Unreal Projects/MergeHouses/Platforms/HoloLens/Config/HoloLensEngine.ini" 585
"../../../Engine/Config/IOS/IOSEngine.ini" 586
"../../../Engine/Config/Mac/MacEngine.ini" 587
"../../../Engine/Config/LinuxArm64/LinuxArm64Engine.ini" 588
"../../../Engine/Config/TVOS/TVOSEngine.ini" 589
"../../../Engine/Config/Android/AndroidEngine.ini" 590
"../../../Engine/Config/BaseGame.ini" 591
"../../../Engine/Config/Linux/LinuxEngine.ini" 592
"C:/Users/silve/OneDrive/Documents/Unreal Projects/MergeHouses/Saved/Config/WindowsEditor/Engine.ini" 593
"../../../Engine/Config/HoloLens/HoloLensGame.ini" 594
"../../../Engine/Config/BaseInput.ini" 595
"../../../Engine/Config/IOS/BaseIOSGame.ini" 596
"../../../Engine/Config/Mac/MacGame.ini" 597
"../../../Engine/Config/Android/BaseAndroidGame.ini" 598
"../../../Engine/Config/IOS/IOSGame.ini" 599
"../../../../../../Users/silve/OneDrive/Documents/Unreal Projects/MergeHouses/Config/DefaultInput.ini" 600
"../../../Engine/Config/Windows/WindowsGame.ini" 601
"../../../Engine/Config/BaseDeviceProfiles.ini" 602
"C:/Users/silve/OneDrive/Documents/Unreal Projects/MergeHouses/Saved/Config/WindowsEditor/Game.ini" 603
"../../../Engine/Config/Linux/LinuxGame.ini" 604
"../../../Engine/Config/Windows/WindowsInput.ini" 605
"../../../Engine/Config/BaseGameUserSettings.ini" 606
"C:/Users/silve/OneDrive/Documents/Unreal Projects/MergeHouses/Saved/Config/WindowsEditor/Input.ini" 607
"../../../Engine/Config/BaseScalability.ini" 608
"C:/Users/silve/OneDrive/Documents/Unreal Projects/MergeHouses/Saved/Config/WindowsEditor/DeviceProfiles.ini" 609
"../../../Engine/Config/Android/AndroidScalability.ini" 610
"../../../Engine/Config/BaseRuntimeOptions.ini" 611
"../../../Engine/Config/IOS/IOSScalability.ini" 612
"../../../Engine/Config/BaseInstallBundle.ini" 613
"../../../Engine/Config/Android/BaseAndroidInstallBundle.ini" 614
"../../../Engine/Config/BaseHardware.ini" 615
"C:/Users/silve/OneDrive/Documents/Unreal Projects/MergeHouses/Saved/Config/WindowsEditor/GameUserSettings.ini" 616
"C:/Users/silve/OneDrive/Documents/Unreal Projects/MergeHouses/Saved/Config/WindowsEditor/Scalability.ini" 617
"C:/Users/silve/OneDrive/Documents/Unreal Projects/MergeHouses/Saved/Config/WindowsEditor/RuntimeOptions.ini" 618
"C:/Users/silve/OneDrive/Documents/Unreal Projects/MergeHouses/Saved/Config/WindowsEditor/InstallBundle.ini" 619
"C:/Users/silve/OneDrive/Documents/Unreal Projects/MergeHouses/Saved/Config/WindowsEditor/Hardware.ini" 620
"../../../Engine/Config/BaseCompat.ini" 621
"C:/Users/silve/OneDrive/Documents/Unreal Projects/MergeHouses/Saved/Config/WindowsEditor/Compat.ini" 622
"../../../Engine/Config/BaseLightmass.ini" 623
"C:/Users/silve/OneDrive/Documents/Unreal Projects/MergeHouses/Saved/Config/WindowsEditor/Lightmass.ini" 624
"../../../Engine/Config/BaseEditor.ini" 625
"../../../../../../Users/silve/OneDrive/Documents/Unreal Projects/MergeHouses/Config/DefaultEditor.ini" 626
"C:/Users/silve/OneDrive/Documents/Unreal Projects/MergeHouses/Saved/Config/WindowsEditor/Editor.ini" 627
"../../../Engine/Config/BaseEditorPerProjectUserSettings.ini" 628
"../../../Engine/Config/Windows/WindowsEditorPerProjectUserSettings.ini" 629
"C:/Users/silve/OneDrive/Documents/Unreal Projects/MergeHouses/Saved/Config/WindowsEditor/EditorPerProjectUserSettings.ini" 630
"../../../Engine/Config/BaseEditorSettings.ini" 631
"C:/Users/silve/AppData/Local/UnrealEngine/5.2/Saved/Config/WindowsEditor/EditorSettings.ini" 632
"../../../Engine/Config/BaseEditorKeyBindings.ini" 633
"C:/Users/silve/AppData/Local/UnrealEngine/5.2/Saved/Config/WindowsEditor/EditorKeyBindings.ini" 634
"C:/Users/silve/AppData/Local/UnrealEngine/5.2/Saved/Config/WindowsEditor/EditorLayout.ini" 635
"../../../../../../Users/silve/OneDrive/Documents/Unreal Projects/MergeHouses/Binaries/Win64/MergeHousesEditor.target" 636
"../../../Engine/Plugins/EnhancedInput/Config/BaseEnhancedInput.ini" 637
"C:/Users/silve/OneDrive/Documents/Unreal Projects/MergeHouses/Saved/Config/WindowsEditor/EnhancedInput.ini" 638
"../../../Engine/Plugins/EnhancedInput/Config/Input.ini" 639
"../../../Engine/Plugins/Bridge/Config/BaseBridge.ini" 640
"C:/Users/silve/OneDrive/Documents/Unreal Projects/MergeHouses/Saved/Config/WindowsEditor/Bridge.ini" 641
"../../../Engine/Plugins/TraceUtilities/Config/BaseTraceUtilities.ini" 642
"C:/Users/silve/OneDrive/Documents/Unreal Projects/MergeHouses/Saved/Config/WindowsEditor/TraceUtilities.ini" 643
"../../../Engine/Plugins/Enterprise/DatasmithContent/Config/BaseDatasmithContent.ini" 644
"C:/Users/silve/OneDrive/Documents/Unreal Projects/MergeHouses/Saved/Config/WindowsEditor/DatasmithContent.ini" 645
"../../../Engine/Plugins/Enterprise/GLTFExporter/Config/BaseGLTFExporter.ini" 646
"../../../Engine/Plugins/Enterprise/GLTFExporter/Config/DefaultGLTFExporter.ini" 647
"C:/Users/silve/OneDrive/Documents/Unreal Projects/MergeHouses/Saved/Config/WindowsEditor/GLTFExporter.ini" 648
"../../../Engine/Plugins/Enterprise/VariantManagerContent/Config/BaseVariantManagerContent.ini" 649
"C:/Users/silve/OneDrive/Documents/Unreal Projects/MergeHouses/Saved/Config/WindowsEditor/VariantManagerContent.ini" 650
"../../../Engine/Plugins/Interchange/Runtime/Config/BaseInterchange.ini" 651
"C:/Users/silve/OneDrive/Documents/Unreal Projects/MergeHouses/Saved/Config/WindowsEditor/Interchange.ini" 652
"../../../Engine/Plugins/2D/Paper2D/Config/BasePaper2D.ini" 653
"C:/Users/silve/OneDrive/Documents/Unreal Projects/MergeHouses/Saved/Config/WindowsEditor/Paper2D.ini" 654
"../../../Engine/Plugins/Developer/TraceDataFiltering/Config/BaseTraceDataFilters.ini" 655
"C:/Users/silve/OneDrive/Documents/Unreal Projects/MergeHouses/Saved/Config/WindowsEditor/TraceDataFilters.ini" 656
"../../../Engine/Plugins/Experimental/FullBodyIK/Config/BaseFullBodyIK.ini" 657
"C:/Users/silve/OneDrive/Documents/Unreal Projects/MergeHouses/Saved/Config/WindowsEditor/FullBodyIK.ini" 658
"../../../Engine/Plugins/FX/Niagara/Config/BaseNiagara.ini" 659
"C:/Users/silve/OneDrive/Documents/Unreal Projects/MergeHouses/Saved/Config/WindowsEditor/Niagara.ini" 660
"../../../Engine/Plugins/Runtime/InputDebugging/Config/Input.ini" 661
"../../../Engine/Plugins/Runtime/Metasound/Config/BaseMetasound.ini" 662
"C:/Users/silve/OneDrive/Documents/Unreal Projects/MergeHouses/Saved/Config/WindowsEditor/Metasound.ini" 663
"../../../Engine/Plugins/Runtime/Synthesis/Config/BaseSynthesis.ini" 664
"C:/Users/silve/OneDrive/Documents/Unreal Projects/MergeHouses/Saved/Config/WindowsEditor/Synthesis.ini" 665
"../../../Engine/Plugins/Editor/EditorScriptingUtilities/Config/BaseEditorScriptingUtilities.ini" 666
"C:/Users/silve/OneDrive/Documents/Unreal Projects/MergeHouses/Saved/Config/WindowsEditor/EditorScriptingUtilities.ini" 667
"../../../Engine/Plugins/Animation/ControlRig/Config/BaseControlRig.ini" 668
"C:/Users/silve/OneDrive/Documents/Unreal Projects/MergeHouses/Saved/Config/WindowsEditor/ControlRig.ini" 669
"../../../Engine/Plugins/Animation/IKRig/Config/BaseIKRig.ini" 670
"C:/Users/silve/OneDrive/Documents/Unreal Projects/MergeHouses/Saved/Config/WindowsEditor/IKRig.ini" 671
"../../../Engine/Plugins/Editor/ModelingToolsEditorMode/Binaries/Win64/UnrealEditor.modules" 672
"../../../Engine/Plugins/Runtime/MeshModelingToolset/Binaries/Win64/UnrealEditor.modules" 673
"../../../Engine/Plugins/Experimental/MeshModelingToolsetExp/Binaries/Win64/UnrealEditor.modules" 674
"../../../Engine/Plugins/Experimental/MeshLODToolset/Binaries/Win64/UnrealEditor.modules" 675
"../../../Engine/Plugins/Editor/StylusInput/Binaries/Win64/UnrealEditor.modules" 676
"../../../Engine/Plugins/Experimental/ToolPresets/Binaries/Win64/UnrealEditor.modules" 677
"../../../Engine/Plugins/Runtime/GeometryProcessing/Binaries/Win64/UnrealEditor.modules" 678
"../../../Engine/Plugins/Experimental/ProxyLODPlugin/Binaries/Win64/UnrealEditor.modules" 679
"../../../Engine/Plugins/Experimental/GeometryFlow/Binaries/Win64/UnrealEditor.modules" 680
"../../../Engine/Plugins/Editor/EditorScriptingUtilities/Binaries/Win64/UnrealEditor.modules" 681
"../../../Engine/Plugins/EnhancedInput/Binaries/Win64/UnrealEditor.modules" 682
"../../../Engine/Plugins/FastBuildController/Binaries/Win64/UnrealEditor.modules" 683
"../../../Engine/Plugins/Bridge/Binaries/Win64/UnrealEditor.modules" 684
"../../../Engine/Plugins/MeshPainting/Binaries/Win64/UnrealEditor.modules" 685
"../../../Engine/Plugins/Interchange/Editor/Binaries/Win64/UnrealEditor.modules" 686
"../../../Engine/Plugins/Interchange/Runtime/Binaries/Win64/UnrealEditor.modules" 687
"../../../Engine/Plugins/Editor/GLTFImporter/Binaries/Win64/UnrealEditor.modules" 688
"../../../Engine/Plugins/Enterprise/VariantManagerContent/Binaries/Win64/UnrealEditor.modules" 689
"../../../Engine/Plugins/Enterprise/VariantManager/Binaries/Win64/UnrealEditor.modules" 690
"../../../Engine/Plugins/XGEController/Binaries/Win64/UnrealEditor.modules" 691
"../../../Engine/Plugins/TraceUtilities/Binaries/Win64/UnrealEditor.modules" 692
"../../../Engine/Plugins/Enterprise/DatasmithContent/Binaries/Win64/UnrealEditor.modules" 693
"../../../Engine/Plugins/Enterprise/GLTFExporter/Binaries/Win64/UnrealEditor.modules" 694
"../../../Engine/Plugins/Compression/OodleNetwork/Binaries/Win64/UnrealEditor.modules" 695
"../../../Engine/Plugins/MovieScene/ActorSequence/Binaries/Win64/UnrealEditor.modules" 696
"../../../Engine/Plugins/MovieScene/LevelSequenceEditor/Binaries/Win64/UnrealEditor.modules" 697
"../../../Engine/Plugins/MovieScene/SequencerScripting/Binaries/Win64/UnrealEditor.modules" 698
"../../../Engine/Plugins/Experimental/PythonScriptPlugin/Binaries/Win64/UnrealEditor.modules" 699
"../../../Engine/Plugins/Editor/ContentBrowser/ContentBrowserFileDataSource/Binaries/Win64/UnrealEditor.modules" 700
"../../../Engine/Plugins/2D/Paper2D/Binaries/Win64/UnrealEditor.modules" 701
"../../../Engine/Plugins/Messaging/TcpMessaging/Binaries/Win64/UnrealEditor.modules" 702
"../../../Engine/Plugins/Messaging/UdpMessaging/Binaries/Win64/UnrealEditor.modules" 703
"../../../Engine/Plugins/Cameras/CameraShakePreviewer/Binaries/Win64/UnrealEditor.modules" 704
"../../../Engine/Plugins/Cameras/GameplayCameras/Binaries/Win64/UnrealEditor.modules" 705
"../../../Engine/Plugins/MovieScene/TemplateSequence/Binaries/Win64/UnrealEditor.modules" 706
"../../../Engine/Plugins/Importers/AlembicImporter/Binaries/Win64/UnrealEditor.modules" 707
"../../../Engine/Plugins/Runtime/GeometryCache/Binaries/Win64/UnrealEditor.modules" 708
"../../../Engine/Plugins/FX/Niagara/Binaries/Win64/UnrealEditor.modules" 709
"../../../Engine/Plugins/Tests/InterchangeTests/Binaries/Win64/UnrealEditor.modules" 710
"../../../Engine/Plugins/Developer/AnimationSharing/Binaries/Win64/UnrealEditor.modules" 711
"../../../Engine/Plugins/Runtime/SignificanceManager/Binaries/Win64/UnrealEditor.modules" 712
"../../../Engine/Plugins/Developer/CLionSourceCodeAccess/Binaries/Win64/UnrealEditor.modules" 713
"../../../Engine/Plugins/Developer/PerforceSourceControl/Binaries/Win64/UnrealEditor.modules" 714
"../../../Engine/Plugins/Developer/PropertyAccessNode/Binaries/Win64/UnrealEditor.modules" 715
"../../../Engine/Plugins/Runtime/PropertyAccess/Binaries/Win64/UnrealEditor.modules" 716
"../../../Engine/Plugins/Developer/RenderDocPlugin/Binaries/Win64/UnrealEditor.modules" 717
"../../../Engine/Plugins/Developer/PixWinPlugin/Binaries/Win64/UnrealEditor.modules" 718
"../../../Engine/Plugins/Developer/GitSourceControl/Binaries/Win64/UnrealEditor.modules" 719
"../../../Engine/Plugins/Developer/DumpGPUServices/Binaries/Win64/UnrealEditor.modules" 720
"../../../Engine/Plugins/Developer/PlasticSourceControl/Binaries/Win64/UnrealEditor.modules" 721
"../../../Engine/Plugins/Developer/TextureFormatOodle/Binaries/Win64/UnrealEditor.modules" 722
"../../../Engine/Plugins/Developer/RiderSourceCodeAccess/Binaries/Win64/UnrealEditor.modules" 723
"../../../Engine/Plugins/Developer/SubversionSourceControl/Binaries/Win64/UnrealEditor.modules" 724
"../../../Engine/Plugins/Developer/PluginUtils/Binaries/Win64/UnrealEditor.modules" 725
"../../../Engine/Plugins/Developer/TraceDataFiltering/Binaries/Win64/UnrealEditor.modules" 726
"../../../Engine/Plugins/Developer/UObjectPlugin/Binaries/Win64/UnrealEditor.modules" 727
"../../../Engine/Plugins/Developer/VisualStudioSourceCodeAccess/Binaries/Win64/UnrealEditor.modules" 728
"../../../Engine/Plugins/Developer/VisualStudioCodeSourceCodeAccess/Binaries/Win64/UnrealEditor.modules" 729
"../../../Engine/Plugins/AI/AISupport/Binaries/Win64/UnrealEditor.modules" 730
"../../../Engine/Plugins/AI/EnvironmentQueryEditor/Binaries/Win64/UnrealEditor.modules" 731
"../../../Engine/Plugins/Experimental/BackChannel/Binaries/Win64/UnrealEditor.modules" 732
"../../../Engine/Plugins/Experimental/AutomationUtils/Binaries/Win64/UnrealEditor.modules" 733
"../../../Engine/Plugins/Experimental/ChaosCloth/Binaries/Win64/UnrealEditor.modules" 734
"../../../Engine/Plugins/Experimental/ChaosCaching/Binaries/Win64/UnrealEditor.modules" 735
"../../../Engine/Plugins/VirtualProduction/Takes/Binaries/Win64/UnrealEditor.modules" 736
"../../../Engine/Plugins/Experimental/ChaosClothEditor/Binaries/Win64/UnrealEditor.modules" 737
"../../../Engine/Plugins/Experimental/ChaosNiagara/Binaries/Win64/UnrealEditor.modules" 738
"../../../Engine/Plugins/Experimental/ChaosSolverPlugin/Binaries/Win64/UnrealEditor.modules" 739
"../../../Engine/Plugins/Experimental/ChaosEditor/Binaries/Win64/UnrealEditor.modules" 740
"../../../Engine/Plugins/Experimental/PlanarCutPlugin/Binaries/Win64/UnrealEditor.modules" 741
"../../../Engine/Plugins/Experimental/GeometryCollectionPlugin/Binaries/Win64/UnrealEditor.modules" 742
"../../../Engine/Plugins/Experimental/Fracture/Binaries/Win64/UnrealEditor.modules" 743
"../../../Engine/Plugins/Runtime/ProceduralMeshComponent/Binaries/Win64/UnrealEditor.modules" 744
"../../../Engine/Plugins/Experimental/Dataflow/Binaries/Win64/UnrealEditor.modules" 745
"../../../Engine/Plugins/Experimental/CharacterAI/Binaries/Win64/UnrealEditor.modules" 746
"../../../Engine/Plugins/Experimental/ChaosUserDataPT/Binaries/Win64/UnrealEditor.modules" 747
"../../../Engine/Plugins/Experimental/OpenImageDenoise/Binaries/Win64/UnrealEditor.modules" 748
"../../../Engine/Plugins/Experimental/PlatformCrypto/Binaries/Win64/UnrealEditor.modules" 749
"../../../Engine/Plugins/Experimental/SkeletalReduction/Binaries/Win64/UnrealEditor.modules" 750
"../../../Engine/Plugins/Experimental/UVEditor/Binaries/Win64/UnrealEditor.modules" 751
"../../../Engine/Plugins/Portal/LauncherChunkInstaller/Binaries/Win64/UnrealEditor.modules" 752
"../../../Engine/Plugins/Media/AndroidMedia/Binaries/Win64/UnrealEditor.modules" 753
"../../../Engine/Plugins/Media/AvfMedia/Binaries/Win64/UnrealEditor.modules" 754
"../../../Engine/Plugins/Media/ImgMedia/Binaries/Win64/UnrealEditor.modules" 755
"../../../Engine/Plugins/Media/MediaPlayerEditor/Binaries/Win64/UnrealEditor.modules" 756
"../../../Engine/Plugins/Media/MediaCompositing/Binaries/Win64/UnrealEditor.modules" 757
"../../../Engine/Plugins/Runtime/ActorLayerUtilities/Binaries/Win64/UnrealEditor.modules" 758
"../../../Engine/Plugins/Media/WmfMedia/Binaries/Win64/UnrealEditor.modules" 759
"../../../Engine/Plugins/Media/MediaPlate/Binaries/Win64/UnrealEditor.modules" 760
"../../../Engine/Plugins/Runtime/AndroidFileServer/Binaries/Win64/UnrealEditor.modules" 761
"../../../Engine/Plugins/Runtime/AndroidDeviceProfileSelector/Binaries/Win64/UnrealEditor.modules" 762
"../../../Engine/Plugins/Runtime/ArchVisCharacter/Binaries/Win64/UnrealEditor.modules" 763
"../../../Engine/Plugins/Runtime/AppleImageUtils/Binaries/Win64/UnrealEditor.modules" 764
"../../../Engine/Plugins/Runtime/AudioCapture/Binaries/Win64/UnrealEditor.modules" 765
"../../../Engine/Plugins/Runtime/AndroidPermission/Binaries/Win64/UnrealEditor.modules" 766
"../../../Engine/Plugins/Runtime/CableComponent/Binaries/Win64/UnrealEditor.modules" 767
"../../../Engine/Plugins/Runtime/ChunkDownloader/Binaries/Win64/UnrealEditor.modules" 768
"../../../Engine/Plugins/Runtime/CustomMeshComponent/Binaries/Win64/UnrealEditor.modules" 769
"../../../Engine/Plugins/Runtime/AssetTags/Binaries/Win64/UnrealEditor.modules" 770
"../../../Engine/Plugins/Runtime/ExampleDeviceProfileSelector/Binaries/Win64/UnrealEditor.modules" 771
"../../../Engine/Plugins/Runtime/GooglePAD/Binaries/Win64/UnrealEditor.modules" 772
"../../../Engine/Plugins/Runtime/InputDebugging/Binaries/Win64/UnrealEditor.modules" 773
"../../../Engine/Plugins/Runtime/LocationServicesBPLibrary/Binaries/Win64/UnrealEditor.modules" 774
"../../../Engine/Plugins/Runtime/Metasound/Binaries/Win64/UnrealEditor.modules" 775
"../../../Engine/Plugins/Runtime/AudioWidgets/Binaries/Win64/UnrealEditor.modules" 776
"../../../Engine/Plugins/Runtime/AudioSynesthesia/Binaries/Win64/UnrealEditor.modules" 777
"../../../Engine/Plugins/Runtime/WaveTable/Binaries/Win64/UnrealEditor.modules" 778
"../../../Engine/Plugins/Runtime/MobilePatchingUtils/Binaries/Win64/UnrealEditor.modules" 779
"../../../Engine/Plugins/Runtime/ResonanceAudio/Binaries/Win64/UnrealEditor.modules" 780
"../../../Engine/Plugins/Runtime/SoundFields/Binaries/Win64/UnrealEditor.modules" 781
"../../../Engine/Plugins/Runtime/Synthesis/Binaries/Win64/UnrealEditor.modules" 782
"../../../Engine/Plugins/Runtime/WindowsMoviePlayer/Binaries/Win64/UnrealEditor.modules" 783
"../../../Engine/Plugins/Runtime/WebMMoviePlayer/Binaries/Win64/UnrealEditor.modules" 784
"../../../Engine/Plugins/Media/WebMMedia/Binaries/Win64/UnrealEditor.modules" 785
"../../../Engine/Plugins/Editor/AssetManagerEditor/Binaries/Win64/UnrealEditor.modules" 786
"../../../Engine/Plugins/Runtime/WindowsDeviceProfileSelector/Binaries/Win64/UnrealEditor.modules" 787
"../../../Engine/Plugins/Editor/BlueprintHeaderView/Binaries/Win64/UnrealEditor.modules" 788
"../../../Engine/Plugins/Editor/ChangelistReview/Binaries/Win64/UnrealEditor.modules" 789
"../../../Engine/Plugins/Editor/CryptoKeys/Binaries/Win64/UnrealEditor.modules" 790
"../../../Engine/Plugins/Editor/CurveEditorTools/Binaries/Win64/UnrealEditor.modules" 791
"../../../Engine/Plugins/Editor/DataValidation/Binaries/Win64/UnrealEditor.modules" 792
"../../../Engine/Plugins/Editor/EditorDebugTools/Binaries/Win64/UnrealEditor.modules" 793
"../../../Engine/Plugins/Editor/EngineAssetDefinitions/Binaries/Win64/UnrealEditor.modules" 794
"../../../Engine/Plugins/Editor/FacialAnimation/Binaries/Win64/UnrealEditor.modules" 795
"../../../Engine/Plugins/Editor/GameplayTagsEditor/Binaries/Win64/UnrealEditor.modules" 796
"../../../Engine/Plugins/Editor/MaterialAnalyzer/Binaries/Win64/UnrealEditor.modules" 797
"../../../Engine/Plugins/Editor/PluginBrowser/Binaries/Win64/UnrealEditor.modules" 798
"../../../Engine/Plugins/Editor/SpeedTreeImporter/Binaries/Win64/UnrealEditor.modules" 799
"../../../Engine/Plugins/Editor/SequencerAnimTools/Binaries/Win64/UnrealEditor.modules" 800
"../../../Engine/Plugins/Animation/ControlRig/Binaries/Win64/UnrealEditor.modules" 801
"../../../Engine/Plugins/Editor/WorldPartitionHLODUtilities/Binaries/Win64/UnrealEditor.modules" 802
"../../../Engine/Plugins/Editor/GeometryMode/Binaries/Win64/UnrealEditor.modules" 803
"../../../Engine/Plugins/Animation/AnimationData/Binaries/Win64/UnrealEditor.modules" 804
"../../../Engine/Plugins/Animation/BlendSpaceMotionAnalysis/Binaries/Win64/UnrealEditor.modules" 805
"../../../Engine/Plugins/Animation/IKRig/Binaries/Win64/UnrealEditor.modules" 806
"../../../Engine/Plugins/Experimental/FullBodyIK/Binaries/Win64/UnrealEditor.modules" 807
"../../../Engine/Plugins/Animation/ControlRigSpline/Binaries/Win64/UnrealEditor.modules" 808
"../../../Engine/Plugins/Editor/MobileLauncherProfileWizard/Binaries/Win64/UnrealEditor.modules" 809
"../../../Engine/Plugins/Online/OnlineBase/Binaries/Win64/UnrealEditor.modules" 810
"../../../Engine/Plugins/Online/OnlineSubsystem/Binaries/Win64/UnrealEditor.modules" 811
"../../../Engine/Plugins/Online/OnlineSubsystemNull/Binaries/Win64/UnrealEditor.modules" 812
"../../../Engine/Plugins/Online/OnlineSubsystemUtils/Binaries/Win64/UnrealEditor.modules" 813
"../../../Engine/Plugins/Online/OnlineServices/Binaries/Win64/UnrealEditor.modules" 814
"../../../Engine/Plugins/Animation/AnimationModifierLibrary/Binaries/Win64/UnrealEditor.modules" 815
"../../../Engine/Plugins/Editor/ObjectMixer/LightMixer/Binaries/Win64/UnrealEditor.modules" 816
"../../../Engine/Plugins/Editor/ObjectMixer/ObjectMixer/Binaries/Win64/UnrealEditor.modules" 817
"../../../Engine/Plugins/Editor/ContentBrowser/ContentBrowserAssetDataSource/Binaries/Win64/UnrealEditor.modules" 818
"../../../Engine/Plugins/Editor/ContentBrowser/ContentBrowserClassDataSource/Binaries/Win64/UnrealEditor.modules" 819
"C:/Users/silve/AppData/Local/UnrealEngine/5.2/Saved/Config/WindowsEditor/SourceControlSettings.ini" 820
"C:/Users/silve/OneDrive/Documents/Unreal Projects/MergeHouses/Saved/Config/WindowsEditor/SourceControlSettings.ini" 821
"../../../Engine/Content/Certificates/ThirdParty/cacert.pem" 822
"../../../Engine/Config/ConsoleVariables.ini" 823
"../../../Engine/Binaries/Win64/Android/UnrealEditor.modules" 824
"../../../Engine/Binaries/Win64/IOS/UnrealEditor.modules" 825
"../../../Engine/Binaries/Win64/Linux/UnrealEditor.modules" 826
"../../../Engine/Binaries/Win64/LinuxArm64/UnrealEditor.modules" 827
"../../../Engine/Plugins/Online/OnlineSubsystem/Content/Localization/OnlineSubsystem/ru/OnlineSubsystem.locres" 828
"../../../Engine/Plugins/Online/OnlineSubsystemUtils/Content/Localization/OnlineSubsystemUtils/ru/OnlineSubsystemUtils.locres" 829
"../../../Engine/Plugins/Online/Android/OnlineSubsystemGooglePlay/Content/Localization/OnlineSubsystemGooglePlay/ru/OnlineSubsystemGooglePlay.locres" 830
"../../../Engine/Plugins/Online/IOS/OnlineSubsystemIOS/Content/Localization/OnlineSubsystemIOS/ru/OnlineSubsystemIOS.locres" 831
"../../../Engine/Content/Internationalization/icudt64l/numberingSystems.res" 832
"../../../Engine/Content/Internationalization/icudt64l/curr/supplementalData.res" 833
"../../../Engine/Content/Internationalization/icudt64l/curr/ru.res" 834
"../../../Engine/Content/Internationalization/icudt64l/curr/pool.res" 835
"../../../Engine/Content/Internationalization/icudt64l/curr/root.res" 836
"../../../Engine/Content/Internationalization/icudt64l/lang/af.res" 837
"../../../Engine/Content/Internationalization/icudt64l/region/af.res" 838
"../../../Engine/Content/Internationalization/icudt64l/lang/agq.res" 839
"../../../Engine/Content/Internationalization/icudt64l/region/agq.res" 840
"../../../Engine/Content/Internationalization/icudt64l/lang/ak.res" 841
"../../../Engine/Content/Internationalization/icudt64l/region/ak.res" 842
"../../../Engine/Content/Internationalization/icudt64l/lang/am.res" 843
"../../../Engine/Content/Internationalization/icudt64l/region/am.res" 844
"../../../Engine/Content/Internationalization/icudt64l/lang/ar.res" 845
"../../../Engine/Content/Internationalization/icudt64l/region/ar.res" 846
"../../../Engine/Content/Internationalization/icudt64l/region/ar_AE.res" 847
"../../../Engine/Content/Internationalization/icudt64l/lang/ar_EG.res" 848
"../../../Engine/Content/Internationalization/icudt64l/lang/ar_LY.res" 849
"../../../Engine/Content/Internationalization/icudt64l/region/ar_LY.res" 850
"../../../Engine/Content/Internationalization/icudt64l/lang/ar_SA.res" 851
"../../../Engine/Content/Internationalization/icudt64l/region/ar_SA.res" 852
"../../../Engine/Content/Internationalization/icudt64l/lang/as.res" 853
"../../../Engine/Content/Internationalization/icudt64l/region/as.res" 854
"../../../Engine/Content/Internationalization/icudt64l/lang/asa.res" 855
"../../../Engine/Content/Internationalization/icudt64l/region/asa.res" 856
"../../../Engine/Content/Internationalization/icudt64l/lang/ast.res" 857
"../../../Engine/Content/Internationalization/icudt64l/region/ast.res" 858
"../../../Engine/Content/Internationalization/icudt64l/lang/az.res" 859
"../../../Engine/Content/Internationalization/icudt64l/lang/az_Cyrl.res" 860
"../../../Engine/Content/Internationalization/icudt64l/lang/az_AZ.res" 861
"../../../Engine/Content/Internationalization/icudt64l/lang/az_Latn_AZ.res" 862
"../../../Engine/Content/Internationalization/icudt64l/lang/az_Latn.res" 863
"../../../Engine/Content/Internationalization/icudt64l/region/az_AZ.res" 864
"../../../Engine/Content/Internationalization/icudt64l/region/az_Latn_AZ.res" 865
"../../../Engine/Content/Internationalization/icudt64l/region/az_Latn.res" 866
"../../../Engine/Content/Internationalization/icudt64l/region/az.res" 867
"../../../Engine/Content/Internationalization/icudt64l/region/az_Cyrl.res" 868
"../../../Engine/Content/Internationalization/icudt64l/lang/bas.res" 869
"../../../Engine/Content/Internationalization/icudt64l/region/bas.res" 870
"../../../Engine/Content/Internationalization/icudt64l/lang/be.res" 871
"../../../Engine/Content/Internationalization/icudt64l/region/be.res" 872
"../../../Engine/Content/Internationalization/icudt64l/lang/bem.res" 873
"../../../Engine/Content/Internationalization/icudt64l/region/bem.res" 874
"../../../Engine/Content/Internationalization/icudt64l/lang/bez.res" 875
"../../../Engine/Content/Internationalization/icudt64l/region/bez.res" 876
"../../../Engine/Content/Internationalization/icudt64l/lang/bg.res" 877
"../../../Engine/Content/Internationalization/icudt64l/region/bg.res" 878
"../../../Engine/Content/Internationalization/icudt64l/lang/bm.res" 879
"../../../Engine/Content/Internationalization/icudt64l/region/bm.res" 880
"../../../Engine/Content/Internationalization/icudt64l/lang/bn.res" 881
"../../../Engine/Content/Internationalization/icudt64l/region/bn.res" 882
"../../../Engine/Content/Internationalization/icudt64l/lang/bn_IN.res" 883
"../../../Engine/Content/Internationalization/icudt64l/region/bn_IN.res" 884
"../../../Engine/Content/Internationalization/icudt64l/lang/bo.res" 885
"../../../Engine/Content/Internationalization/icudt64l/region/bo.res" 886
"../../../Engine/Content/Internationalization/icudt64l/region/bo_IN.res" 887
"../../../Engine/Content/Internationalization/icudt64l/lang/br.res" 888
"../../../Engine/Content/Internationalization/icudt64l/region/br.res" 889
"../../../Engine/Content/Internationalization/icudt64l/lang/brx.res" 890
"../../../Engine/Content/Internationalization/icudt64l/region/brx.res" 891
"../../../Engine/Content/Internationalization/icudt64l/lang/bs.res" 892
"../../../Engine/Content/Internationalization/icudt64l/lang/bs_Cyrl.res" 893
"../../../Engine/Content/Internationalization/icudt64l/lang/bs_BA.res" 894
"../../../Engine/Content/Internationalization/icudt64l/lang/bs_Latn_BA.res" 895
"../../../Engine/Content/Internationalization/icudt64l/lang/bs_Latn.res" 896
"../../../Engine/Content/Internationalization/icudt64l/region/bs_BA.res" 897
"../../../Engine/Content/Internationalization/icudt64l/region/bs_Latn_BA.res" 898
"../../../Engine/Content/Internationalization/icudt64l/region/bs_Latn.res" 899
"../../../Engine/Content/Internationalization/icudt64l/region/bs.res" 900
"../../../Engine/Content/Internationalization/icudt64l/region/bs_Cyrl.res" 901
"../../../Engine/Content/Internationalization/icudt64l/lang/ca.res" 902
"../../../Engine/Content/Internationalization/icudt64l/region/ca.res" 903
"../../../Engine/Content/Internationalization/icudt64l/lang/ccp.res" 904
"../../../Engine/Content/Internationalization/icudt64l/region/ccp.res" 905
"../../../Engine/Content/Internationalization/icudt64l/lang/ce.res" 906
"../../../Engine/Content/Internationalization/icudt64l/region/ce.res" 907
"../../../Engine/Content/Internationalization/icudt64l/lang/ceb.res" 908
"../../../Engine/Content/Internationalization/icudt64l/region/ceb.res" 909
"../../../Engine/Content/Internationalization/icudt64l/lang/cgg.res" 910
"../../../Engine/Content/Internationalization/icudt64l/region/cgg.res" 911
"../../../Engine/Content/Internationalization/icudt64l/lang/chr.res" 912
"../../../Engine/Content/Internationalization/icudt64l/region/chr.res" 913
"../../../Engine/Content/Internationalization/icudt64l/lang/ckb.res" 914
"../../../Engine/Content/Internationalization/icudt64l/region/ckb.res" 915
"../../../Engine/Content/Internationalization/icudt64l/lang/cs.res" 916
"../../../Engine/Content/Internationalization/icudt64l/region/cs.res" 917
"../../../Engine/Content/Internationalization/icudt64l/lang/cy.res" 918
"../../../Engine/Content/Internationalization/icudt64l/region/cy.res" 919
"../../../Engine/Content/Internationalization/icudt64l/lang/da.res" 920
"../../../Engine/Content/Internationalization/icudt64l/region/da.res" 921
"../../../Engine/Content/Internationalization/icudt64l/lang/dav.res" 922
"../../../Engine/Content/Internationalization/icudt64l/region/dav.res" 923
"../../../Engine/Content/Internationalization/icudt64l/lang/de.res" 924
"../../../Engine/Content/Internationalization/icudt64l/lang/de_AT.res" 925
"../../../Engine/Content/Internationalization/icudt64l/region/de_AT.res" 926
"../../../Engine/Content/Internationalization/icudt64l/region/de.res" 927
"../../../Engine/Content/Internationalization/icudt64l/lang/de_CH.res" 928
"../../../Engine/Content/Internationalization/icudt64l/region/de_CH.res" 929
"../../../Engine/Content/Internationalization/icudt64l/lang/de_LU.res" 930
"../../../Engine/Content/Internationalization/icudt64l/lang/dje.res" 931
"../../../Engine/Content/Internationalization/icudt64l/region/dje.res" 932
"../../../Engine/Content/Internationalization/icudt64l/lang/dsb.res" 933
"../../../Engine/Content/Internationalization/icudt64l/region/dsb.res" 934
"../../../Engine/Content/Internationalization/icudt64l/lang/dua.res" 935
"../../../Engine/Content/Internationalization/icudt64l/region/dua.res" 936
"../../../Engine/Content/Internationalization/icudt64l/lang/dyo.res" 937
"../../../Engine/Content/Internationalization/icudt64l/region/dyo.res" 938
"../../../Engine/Content/Internationalization/icudt64l/lang/dz.res" 939
"../../../Engine/Content/Internationalization/icudt64l/region/dz.res" 940
"../../../Engine/Content/Internationalization/icudt64l/lang/ebu.res" 941
"../../../Engine/Content/Internationalization/icudt64l/region/ebu.res" 942
"../../../Engine/Content/Internationalization/icudt64l/lang/ee.res" 943
"../../../Engine/Content/Internationalization/icudt64l/region/ee.res" 944
"../../../Engine/Content/Internationalization/icudt64l/lang/el.res" 945
"../../../Engine/Content/Internationalization/icudt64l/region/el.res" 946
"../../../Engine/Content/Internationalization/icudt64l/lang/en_001.res" 947
"../../../Engine/Content/Internationalization/icudt64l/lang/en_150.res" 948
"../../../Engine/Content/Internationalization/icudt64l/region/en_150.res" 949
"../../../Engine/Content/Internationalization/icudt64l/lang/en_AG.res" 950
"../../../Engine/Content/Internationalization/icudt64l/region/en_AG.res" 951
"../../../Engine/Content/Internationalization/icudt64l/lang/en_AI.res" 952
"../../../Engine/Content/Internationalization/icudt64l/region/en_AI.res" 953
"../../../Engine/Content/Internationalization/icudt64l/lang/en_AT.res" 954
"../../../Engine/Content/Internationalization/icudt64l/region/en_AT.res" 955
"../../../Engine/Content/Internationalization/icudt64l/lang/en_AU.res" 956
"../../../Engine/Content/Internationalization/icudt64l/region/en_AU.res" 957
"../../../Engine/Content/Internationalization/icudt64l/lang/en_BB.res" 958
"../../../Engine/Content/Internationalization/icudt64l/region/en_BB.res" 959
"../../../Engine/Content/Internationalization/icudt64l/lang/en_BE.res" 960
"../../../Engine/Content/Internationalization/icudt64l/region/en_BE.res" 961
"../../../Engine/Content/Internationalization/icudt64l/lang/en_BM.res" 962
"../../../Engine/Content/Internationalization/icudt64l/region/en_BM.res" 963
"../../../Engine/Content/Internationalization/icudt64l/lang/en_BS.res" 964
"../../../Engine/Content/Internationalization/icudt64l/region/en_BS.res" 965
"../../../Engine/Content/Internationalization/icudt64l/lang/en_BW.res" 966
"../../../Engine/Content/Internationalization/icudt64l/region/en_BW.res" 967
"../../../Engine/Content/Internationalization/icudt64l/lang/en_BZ.res" 968
"../../../Engine/Content/Internationalization/icudt64l/region/en_BZ.res" 969
"../../../Engine/Content/Internationalization/icudt64l/lang/en_CA.res" 970
"../../../Engine/Content/Internationalization/icudt64l/region/en_CA.res" 971
"../../../Engine/Content/Internationalization/icudt64l/lang/en_CC.res" 972
"../../../Engine/Content/Internationalization/icudt64l/region/en_CC.res" 973
"../../../Engine/Content/Internationalization/icudt64l/lang/en_CH.res" 974
"../../../Engine/Content/Internationalization/icudt64l/region/en_CH.res" 975
"../../../Engine/Content/Internationalization/icudt64l/lang/en_CK.res" 976
"../../../Engine/Content/Internationalization/icudt64l/region/en_CK.res" 977
"../../../Engine/Content/Internationalization/icudt64l/lang/en_CM.res" 978
"../../../Engine/Content/Internationalization/icudt64l/region/en_CM.res" 979
"../../../Engine/Content/Internationalization/icudt64l/lang/en_CX.res" 980
"../../../Engine/Content/Internationalization/icudt64l/region/en_CX.res" 981
"../../../Engine/Content/Internationalization/icudt64l/lang/en_CY.res" 982
"../../../Engine/Content/Internationalization/icudt64l/region/en_CY.res" 983
"../../../Engine/Content/Internationalization/icudt64l/lang/en_DE.res" 984
"../../../Engine/Content/Internationalization/icudt64l/region/en_DE.res" 985
"../../../Engine/Content/Internationalization/icudt64l/lang/en_DG.res" 986
"../../../Engine/Content/Internationalization/icudt64l/region/en_DG.res" 987
"../../../Engine/Content/Internationalization/icudt64l/lang/en_DK.res" 988
"../../../Engine/Content/Internationalization/icudt64l/region/en_DK.res" 989
"../../../Engine/Content/Internationalization/icudt64l/lang/en_DM.res" 990
"../../../Engine/Content/Internationalization/icudt64l/region/en_DM.res" 991
"../../../Engine/Content/Internationalization/icudt64l/lang/en_ER.res" 992
"../../../Engine/Content/Internationalization/icudt64l/region/en_ER.res" 993
"../../../Engine/Content/Internationalization/icudt64l/lang/en_FI.res" 994
"../../../Engine/Content/Internationalization/icudt64l/region/en_FI.res" 995
"../../../Engine/Content/Internationalization/icudt64l/lang/en_FJ.res" 996
"../../../Engine/Content/Internationalization/icudt64l/region/en_FJ.res" 997
"../../../Engine/Content/Internationalization/icudt64l/lang/en_FK.res" 998
"../../../Engine/Content/Internationalization/icudt64l/region/en_FK.res" 999
"../../../Engine/Content/Internationalization/icudt64l/lang/en_FM.res" 1000
"../../../Engine/Content/Internationalization/icudt64l/region/en_FM.res" 1001
"../../../Engine/Content/Internationalization/icudt64l/lang/en_GB.res" 1002
"../../../Engine/Content/Internationalization/icudt64l/region/en_GB.res" 1003
"../../../Engine/Content/Internationalization/icudt64l/lang/en_GD.res" 1004
"../../../Engine/Content/Internationalization/icudt64l/region/en_GD.res" 1005
"../../../Engine/Content/Internationalization/icudt64l/lang/en_GG.res" 1006
"../../../Engine/Content/Internationalization/icudt64l/region/en_GG.res" 1007
"../../../Engine/Content/Internationalization/icudt64l/lang/en_GH.res" 1008
"../../../Engine/Content/Internationalization/icudt64l/region/en_GH.res" 1009
"../../../Engine/Content/Internationalization/icudt64l/lang/en_GI.res" 1010
"../../../Engine/Content/Internationalization/icudt64l/region/en_GI.res" 1011
"../../../Engine/Content/Internationalization/icudt64l/lang/en_GM.res" 1012
"../../../Engine/Content/Internationalization/icudt64l/region/en_GM.res" 1013
"../../../Engine/Content/Internationalization/icudt64l/lang/en_GY.res" 1014
"../../../Engine/Content/Internationalization/icudt64l/region/en_GY.res" 1015
"../../../Engine/Content/Internationalization/icudt64l/lang/en_HK.res" 1016
"../../../Engine/Content/Internationalization/icudt64l/region/en_HK.res" 1017
"../../../Engine/Content/Internationalization/icudt64l/lang/en_IE.res" 1018
"../../../Engine/Content/Internationalization/icudt64l/region/en_IE.res" 1019
"../../../Engine/Content/Internationalization/icudt64l/lang/en_IL.res" 1020
"../../../Engine/Content/Internationalization/icudt64l/region/en_IL.res" 1021
"../../../Engine/Content/Internationalization/icudt64l/lang/en_IM.res" 1022
"../../../Engine/Content/Internationalization/icudt64l/region/en_IM.res" 1023
"../../../Engine/Content/Internationalization/icudt64l/lang/en_IN.res" 1024
"../../../Engine/Content/Internationalization/icudt64l/region/en_IN.res" 1025
"../../../Engine/Content/Internationalization/icudt64l/lang/en_IO.res" 1026
"../../../Engine/Content/Internationalization/icudt64l/region/en_IO.res" 1027
"../../../Engine/Content/Internationalization/icudt64l/lang/en_JE.res" 1028
"../../../Engine/Content/Internationalization/icudt64l/region/en_JE.res" 1029
"../../../Engine/Content/Internationalization/icudt64l/lang/en_JM.res" 1030
"../../../Engine/Content/Internationalization/icudt64l/region/en_JM.res" 1031
"../../../Engine/Content/Internationalization/icudt64l/lang/en_KE.res" 1032
"../../../Engine/Content/Internationalization/icudt64l/region/en_KE.res" 1033
"../../../Engine/Content/Internationalization/icudt64l/lang/en_KI.res" 1034
"../../../Engine/Content/Internationalization/icudt64l/region/en_KI.res" 1035
"../../../Engine/Content/Internationalization/icudt64l/lang/en_KN.res" 1036
"../../../Engine/Content/Internationalization/icudt64l/region/en_KN.res" 1037
"../../../Engine/Content/Internationalization/icudt64l/lang/en_KY.res" 1038
"../../../Engine/Content/Internationalization/icudt64l/region/en_KY.res" 1039
"../../../Engine/Content/Internationalization/icudt64l/lang/en_LC.res" 1040
"../../../Engine/Content/Internationalization/icudt64l/region/en_LC.res" 1041
"../../../Engine/Content/Internationalization/icudt64l/lang/en_LR.res" 1042
"../../../Engine/Content/Internationalization/icudt64l/region/en_LR.res" 1043
"../../../Engine/Content/Internationalization/icudt64l/lang/en_LS.res" 1044
"../../../Engine/Content/Internationalization/icudt64l/region/en_LS.res" 1045
"../../../Engine/Content/Internationalization/icudt64l/lang/en_MG.res" 1046
"../../../Engine/Content/Internationalization/icudt64l/region/en_MG.res" 1047
"../../../Engine/Content/Internationalization/icudt64l/lang/en_MO.res" 1048
"../../../Engine/Content/Internationalization/icudt64l/region/en_MO.res" 1049
"../../../Engine/Content/Internationalization/icudt64l/lang/en_MS.res" 1050
"../../../Engine/Content/Internationalization/icudt64l/region/en_MS.res" 1051
"../../../Engine/Content/Internationalization/icudt64l/lang/en_MT.res" 1052
"../../../Engine/Content/Internationalization/icudt64l/region/en_MT.res" 1053
"../../../Engine/Content/Internationalization/icudt64l/lang/en_MU.res" 1054
"../../../Engine/Content/Internationalization/icudt64l/region/en_MU.res" 1055
"../../../Engine/Content/Internationalization/icudt64l/lang/en_MW.res" 1056
"../../../Engine/Content/Internationalization/icudt64l/region/en_MW.res" 1057
"../../../Engine/Content/Internationalization/icudt64l/lang/en_MY.res" 1058
"../../../Engine/Content/Internationalization/icudt64l/region/en_MY.res" 1059
"../../../Engine/Content/Internationalization/icudt64l/lang/en_NA.res" 1060
"../../../Engine/Content/Internationalization/icudt64l/region/en_NA.res" 1061
"../../../Engine/Content/Internationalization/icudt64l/lang/en_NF.res" 1062
"../../../Engine/Content/Internationalization/icudt64l/region/en_NF.res" 1063
"../../../Engine/Content/Internationalization/icudt64l/lang/en_NG.res" 1064
"../../../Engine/Content/Internationalization/icudt64l/region/en_NG.res" 1065
"../../../Engine/Content/Internationalization/icudt64l/lang/en_NL.res" 1066
"../../../Engine/Content/Internationalization/icudt64l/region/en_NL.res" 1067
"../../../Engine/Content/Internationalization/icudt64l/lang/en_NR.res" 1068
"../../../Engine/Content/Internationalization/icudt64l/region/en_NR.res" 1069
"../../../Engine/Content/Internationalization/icudt64l/lang/en_NU.res" 1070
"../../../Engine/Content/Internationalization/icudt64l/region/en_NU.res" 1071
"../../../Engine/Content/Internationalization/icudt64l/lang/en_NZ.res" 1072
"../../../Engine/Content/Internationalization/icudt64l/region/en_NZ.res" 1073
"../../../Engine/Content/Internationalization/icudt64l/lang/en_PG.res" 1074
"../../../Engine/Content/Internationalization/icudt64l/region/en_PG.res" 1075
"../../../Engine/Content/Internationalization/icudt64l/lang/en_PH.res" 1076
"../../../Engine/Content/Internationalization/icudt64l/region/en_PH.res" 1077
"../../../Engine/Content/Internationalization/icudt64l/lang/en_PK.res" 1078
"../../../Engine/Content/Internationalization/icudt64l/region/en_PK.res" 1079
"../../../Engine/Content/Internationalization/icudt64l/lang/en_PN.res" 1080
"../../../Engine/Content/Internationalization/icudt64l/region/en_PN.res" 1081
"../../../Engine/Content/Internationalization/icudt64l/lang/en_PW.res" 1082
"../../../Engine/Content/Internationalization/icudt64l/region/en_PW.res" 1083
"../../../Engine/Content/Internationalization/icudt64l/lang/en_RW.res" 1084
"../../../Engine/Content/Internationalization/icudt64l/region/en_RW.res" 1085
"../../../Engine/Content/Internationalization/icudt64l/lang/en_SB.res" 1086
"../../../Engine/Content/Internationalization/icudt64l/region/en_SB.res" 1087
"../../../Engine/Content/Internationalization/icudt64l/lang/en_SC.res" 1088
"../../../Engine/Content/Internationalization/icudt64l/region/en_SC.res" 1089
"../../../Engine/Content/Internationalization/icudt64l/lang/en_SD.res" 1090
"../../../Engine/Content/Internationalization/icudt64l/region/en_SD.res" 1091
"../../../Engine/Content/Internationalization/icudt64l/lang/en_SE.res" 1092
"../../../Engine/Content/Internationalization/icudt64l/region/en_SE.res" 1093
"../../../Engine/Content/Internationalization/icudt64l/lang/en_SG.res" 1094
"../../../Engine/Content/Internationalization/icudt64l/region/en_SG.res" 1095
"../../../Engine/Content/Internationalization/icudt64l/lang/en_SH.res" 1096
"../../../Engine/Content/Internationalization/icudt64l/region/en_SH.res" 1097
"../../../Engine/Content/Internationalization/icudt64l/lang/en_SI.res" 1098
"../../../Engine/Content/Internationalization/icudt64l/region/en_SI.res" 1099
"../../../Engine/Content/Internationalization/icudt64l/lang/en_SL.res" 1100
"../../../Engine/Content/Internationalization/icudt64l/region/en_SL.res" 1101
"../../../Engine/Content/Internationalization/icudt64l/lang/en_SS.res" 1102
"../../../Engine/Content/Internationalization/icudt64l/region/en_SS.res" 1103
"../../../Engine/Content/Internationalization/icudt64l/lang/en_SX.res" 1104
"../../../Engine/Content/Internationalization/icudt64l/region/en_SX.res" 1105
"../../../Engine/Content/Internationalization/icudt64l/lang/en_SZ.res" 1106
"../../../Engine/Content/Internationalization/icudt64l/region/en_SZ.res" 1107
"../../../Engine/Content/Internationalization/icudt64l/lang/en_TC.res" 1108
"../../../Engine/Content/Internationalization/icudt64l/region/en_TC.res" 1109
"../../../Engine/Content/Internationalization/icudt64l/lang/en_TK.res" 1110
"../../../Engine/Content/Internationalization/icudt64l/region/en_TK.res" 1111
"../../../Engine/Content/Internationalization/icudt64l/lang/en_TO.res" 1112
"../../../Engine/Content/Internationalization/icudt64l/region/en_TO.res" 1113
"../../../Engine/Content/Internationalization/icudt64l/lang/en_TT.res" 1114
"../../../Engine/Content/Internationalization/icudt64l/region/en_TT.res" 1115
"../../../Engine/Content/Internationalization/icudt64l/lang/en_TV.res" 1116
"../../../Engine/Content/Internationalization/icudt64l/region/en_TV.res" 1117
"../../../Engine/Content/Internationalization/icudt64l/lang/en_TZ.res" 1118
"../../../Engine/Content/Internationalization/icudt64l/region/en_TZ.res" 1119
"../../../Engine/Content/Internationalization/icudt64l/lang/en_UG.res" 1120
"../../../Engine/Content/Internationalization/icudt64l/region/en_UG.res" 1121
"../../../Engine/Content/Internationalization/icudt64l/lang/en_VC.res" 1122
"../../../Engine/Content/Internationalization/icudt64l/region/en_VC.res" 1123
"../../../Engine/Content/Internationalization/icudt64l/lang/en_VG.res" 1124
"../../../Engine/Content/Internationalization/icudt64l/region/en_VG.res" 1125
"../../../Engine/Content/Internationalization/icudt64l/lang/en_VU.res" 1126
"../../../Engine/Content/Internationalization/icudt64l/region/en_VU.res" 1127
"../../../Engine/Content/Internationalization/icudt64l/lang/en_WS.res" 1128
"../../../Engine/Content/Internationalization/icudt64l/region/en_WS.res" 1129
"../../../Engine/Content/Internationalization/icudt64l/lang/en_ZA.res" 1130
"../../../Engine/Content/Internationalization/icudt64l/region/en_ZA.res" 1131
"../../../Engine/Content/Internationalization/icudt64l/lang/en_ZM.res" 1132
"../../../Engine/Content/Internationalization/icudt64l/region/en_ZM.res" 1133
"../../../Engine/Content/Internationalization/icudt64l/lang/en_ZW.res" 1134
"../../../Engine/Content/Internationalization/icudt64l/region/en_ZW.res" 1135
"../../../Engine/Content/Internationalization/icudt64l/lang/eo.res" 1136
"../../../Engine/Content/Internationalization/icudt64l/region/eo.res" 1137
"../../../Engine/Content/Internationalization/icudt64l/lang/es.res" 1138
"../../../Engine/Content/Internationalization/icudt64l/lang/es_419.res" 1139
"../../../Engine/Content/Internationalization/icudt64l/region/es_419.res" 1140
"../../../Engine/Content/Internationalization/icudt64l/region/es.res" 1141
"../../../Engine/Content/Internationalization/icudt64l/lang/es_AR.res" 1142
"../../../Engine/Content/Internationalization/icudt64l/region/es_AR.res" 1143
"../../../Engine/Content/Internationalization/icudt64l/lang/es_BO.res" 1144
"../../../Engine/Content/Internationalization/icudt64l/region/es_BO.res" 1145
"../../../Engine/Content/Internationalization/icudt64l/lang/es_BR.res" 1146
"../../../Engine/Content/Internationalization/icudt64l/region/es_BR.res" 1147
"../../../Engine/Content/Internationalization/icudt64l/lang/es_BZ.res" 1148
"../../../Engine/Content/Internationalization/icudt64l/region/es_BZ.res" 1149
"../../../Engine/Content/Internationalization/icudt64l/lang/es_CL.res" 1150
"../../../Engine/Content/Internationalization/icudt64l/region/es_CL.res" 1151
"../../../Engine/Content/Internationalization/icudt64l/lang/es_CO.res" 1152
"../../../Engine/Content/Internationalization/icudt64l/region/es_CO.res" 1153
"../../../Engine/Content/Internationalization/icudt64l/lang/es_CR.res" 1154
"../../../Engine/Content/Internationalization/icudt64l/region/es_CR.res" 1155
"../../../Engine/Content/Internationalization/icudt64l/lang/es_CU.res" 1156
"../../../Engine/Content/Internationalization/icudt64l/region/es_CU.res" 1157
"../../../Engine/Content/Internationalization/icudt64l/lang/es_DO.res" 1158
"../../../Engine/Content/Internationalization/icudt64l/region/es_DO.res" 1159
"../../../Engine/Content/Internationalization/icudt64l/lang/es_EC.res" 1160
"../../../Engine/Content/Internationalization/icudt64l/region/es_EC.res" 1161
"../../../Engine/Content/Internationalization/icudt64l/lang/es_GT.res" 1162
"../../../Engine/Content/Internationalization/icudt64l/region/es_GT.res" 1163
"../../../Engine/Content/Internationalization/icudt64l/lang/es_HN.res" 1164
"../../../Engine/Content/Internationalization/icudt64l/region/es_HN.res" 1165
"../../../Engine/Content/Internationalization/icudt64l/lang/es_MX.res" 1166
"../../../Engine/Content/Internationalization/icudt64l/region/es_MX.res" 1167
"../../../Engine/Content/Internationalization/icudt64l/lang/es_NI.res" 1168
"../../../Engine/Content/Internationalization/icudt64l/region/es_NI.res" 1169
"../../../Engine/Content/Internationalization/icudt64l/lang/es_PA.res" 1170
"../../../Engine/Content/Internationalization/icudt64l/region/es_PA.res" 1171
"../../../Engine/Content/Internationalization/icudt64l/lang/es_PE.res" 1172
"../../../Engine/Content/Internationalization/icudt64l/region/es_PE.res" 1173
"../../../Engine/Content/Internationalization/icudt64l/lang/es_PR.res" 1174
"../../../Engine/Content/Internationalization/icudt64l/region/es_PR.res" 1175
"../../../Engine/Content/Internationalization/icudt64l/lang/es_PY.res" 1176
"../../../Engine/Content/Internationalization/icudt64l/region/es_PY.res" 1177
"../../../Engine/Content/Internationalization/icudt64l/lang/es_SV.res" 1178
"../../../Engine/Content/Internationalization/icudt64l/region/es_SV.res" 1179
"../../../Engine/Content/Internationalization/icudt64l/lang/es_US.res" 1180
"../../../Engine/Content/Internationalization/icudt64l/region/es_US.res" 1181
"../../../Engine/Content/Internationalization/icudt64l/lang/es_UY.res" 1182
"../../../Engine/Content/Internationalization/icudt64l/region/es_UY.res" 1183
"../../../Engine/Content/Internationalization/icudt64l/lang/es_VE.res" 1184
"../../../Engine/Content/Internationalization/icudt64l/region/es_VE.res" 1185
"../../../Engine/Content/Internationalization/icudt64l/lang/et.res" 1186
"../../../Engine/Content/Internationalization/icudt64l/region/et.res" 1187
"../../../Engine/Content/Internationalization/icudt64l/lang/eu.res" 1188
"../../../Engine/Content/Internationalization/icudt64l/region/eu.res" 1189
"../../../Engine/Content/Internationalization/icudt64l/lang/ewo.res" 1190
"../../../Engine/Content/Internationalization/icudt64l/region/ewo.res" 1191
"../../../Engine/Content/Internationalization/icudt64l/lang/fa.res" 1192
"../../../Engine/Content/Internationalization/icudt64l/lang/fa_AF.res" 1193
"../../../Engine/Content/Internationalization/icudt64l/region/fa_AF.res" 1194
"../../../Engine/Content/Internationalization/icudt64l/region/fa.res" 1195
"../../../Engine/Content/Internationalization/icudt64l/lang/ff.res" 1196
"../../../Engine/Content/Internationalization/icudt64l/lang/ff_Latn.res" 1197
"../../../Engine/Content/Internationalization/icudt64l/region/ff.res" 1198
"../../../Engine/Content/Internationalization/icudt64l/region/ff_Latn.res" 1199
"../../../Engine/Content/Internationalization/icudt64l/lang/ff_CM.res" 1200
"../../../Engine/Content/Internationalization/icudt64l/lang/ff_Latn_CM.res" 1201
"../../../Engine/Content/Internationalization/icudt64l/region/ff_CM.res" 1202
"../../../Engine/Content/Internationalization/icudt64l/region/ff_Latn_CM.res" 1203
"../../../Engine/Content/Internationalization/icudt64l/lang/ff_GN.res" 1204
"../../../Engine/Content/Internationalization/icudt64l/lang/ff_Latn_GN.res" 1205
"../../../Engine/Content/Internationalization/icudt64l/region/ff_GN.res" 1206
"../../../Engine/Content/Internationalization/icudt64l/region/ff_Latn_GN.res" 1207
"../../../Engine/Content/Internationalization/icudt64l/lang/ff_MR.res" 1208
"../../../Engine/Content/Internationalization/icudt64l/lang/ff_Latn_MR.res" 1209
"../../../Engine/Content/Internationalization/icudt64l/region/ff_MR.res" 1210
"../../../Engine/Content/Internationalization/icudt64l/region/ff_Latn_MR.res" 1211
"../../../Engine/Content/Internationalization/icudt64l/lang/ff_SN.res" 1212
"../../../Engine/Content/Internationalization/icudt64l/lang/ff_Latn_SN.res" 1213
"../../../Engine/Content/Internationalization/icudt64l/region/ff_SN.res" 1214
"../../../Engine/Content/Internationalization/icudt64l/region/ff_Latn_SN.res" 1215
"../../../Engine/Content/Internationalization/icudt64l/lang/fi.res" 1216
"../../../Engine/Content/Internationalization/icudt64l/region/fi.res" 1217
"../../../Engine/Content/Internationalization/icudt64l/lang/fil.res" 1218
"../../../Engine/Content/Internationalization/icudt64l/lang/fil_PH.res" 1219
"../../../Engine/Content/Internationalization/icudt64l/region/fil_PH.res" 1220
"../../../Engine/Content/Internationalization/icudt64l/region/fil.res" 1221
"../../../Engine/Content/Internationalization/icudt64l/lang/fo.res" 1222
"../../../Engine/Content/Internationalization/icudt64l/region/fo.res" 1223
"../../../Engine/Content/Internationalization/icudt64l/lang/fr.res" 1224
"../../../Engine/Content/Internationalization/icudt64l/lang/fr_BE.res" 1225
"../../../Engine/Content/Internationalization/icudt64l/region/fr_BE.res" 1226
"../../../Engine/Content/Internationalization/icudt64l/region/fr.res" 1227
"../../../Engine/Content/Internationalization/icudt64l/lang/fr_CA.res" 1228
"../../../Engine/Content/Internationalization/icudt64l/region/fr_CA.res" 1229
"../../../Engine/Content/Internationalization/icudt64l/lang/fr_CH.res" 1230
"../../../Engine/Content/Internationalization/icudt64l/lang/fur.res" 1231
"../../../Engine/Content/Internationalization/icudt64l/region/fur.res" 1232
"../../../Engine/Content/Internationalization/icudt64l/lang/fy.res" 1233
"../../../Engine/Content/Internationalization/icudt64l/region/fy.res" 1234
"../../../Engine/Content/Internationalization/icudt64l/lang/ga.res" 1235
"../../../Engine/Content/Internationalization/icudt64l/region/ga.res" 1236
"../../../Engine/Content/Internationalization/icudt64l/lang/gd.res" 1237
"../../../Engine/Content/Internationalization/icudt64l/region/gd.res" 1238
"../../../Engine/Content/Internationalization/icudt64l/lang/gl.res" 1239
"../../../Engine/Content/Internationalization/icudt64l/region/gl.res" 1240
"../../../Engine/Content/Internationalization/icudt64l/lang/gsw.res" 1241
"../../../Engine/Content/Internationalization/icudt64l/region/gsw.res" 1242
"../../../Engine/Content/Internationalization/icudt64l/lang/gu.res" 1243
"../../../Engine/Content/Internationalization/icudt64l/region/gu.res" 1244
"../../../Engine/Content/Internationalization/icudt64l/lang/guz.res" 1245
"../../../Engine/Content/Internationalization/icudt64l/region/guz.res" 1246
"../../../Engine/Content/Internationalization/icudt64l/lang/gv.res" 1247
"../../../Engine/Content/Internationalization/icudt64l/region/gv.res" 1248
"../../../Engine/Content/Internationalization/icudt64l/lang/ha.res" 1249
"../../../Engine/Content/Internationalization/icudt64l/region/ha.res" 1250
"../../../Engine/Content/Internationalization/icudt64l/lang/ha_NE.res" 1251
"../../../Engine/Content/Internationalization/icudt64l/region/ha_NE.res" 1252
"../../../Engine/Content/Internationalization/icudt64l/lang/haw.res" 1253
"../../../Engine/Content/Internationalization/icudt64l/region/haw.res" 1254
"../../../Engine/Content/Internationalization/icudt64l/lang/he.res" 1255
"../../../Engine/Content/Internationalization/icudt64l/lang/he_IL.res" 1256
"../../../Engine/Content/Internationalization/icudt64l/region/he_IL.res" 1257
"../../../Engine/Content/Internationalization/icudt64l/region/he.res" 1258
"../../../Engine/Content/Internationalization/icudt64l/lang/hi.res" 1259
"../../../Engine/Content/Internationalization/icudt64l/region/hi.res" 1260
"../../../Engine/Content/Internationalization/icudt64l/lang/hr.res" 1261
"../../../Engine/Content/Internationalization/icudt64l/region/hr.res" 1262
"../../../Engine/Content/Internationalization/icudt64l/lang/hsb.res" 1263
"../../../Engine/Content/Internationalization/icudt64l/region/hsb.res" 1264
"../../../Engine/Content/Internationalization/icudt64l/lang/hu.res" 1265
"../../../Engine/Content/Internationalization/icudt64l/region/hu.res" 1266
"../../../Engine/Content/Internationalization/icudt64l/lang/hy.res" 1267
"../../../Engine/Content/Internationalization/icudt64l/region/hy.res" 1268
"../../../Engine/Content/Internationalization/icudt64l/lang/ia.res" 1269
"../../../Engine/Content/Internationalization/icudt64l/region/ia.res" 1270
"../../../Engine/Content/Internationalization/icudt64l/lang/id.res" 1271
"../../../Engine/Content/Internationalization/icudt64l/lang/id_ID.res" 1272
"../../../Engine/Content/Internationalization/icudt64l/region/id_ID.res" 1273
"../../../Engine/Content/Internationalization/icudt64l/region/id.res" 1274
"../../../Engine/Content/Internationalization/icudt64l/lang/ig.res" 1275
"../../../Engine/Content/Internationalization/icudt64l/region/ig.res" 1276
"../../../Engine/Content/Internationalization/icudt64l/lang/ii.res" 1277
"../../../Engine/Content/Internationalization/icudt64l/region/ii.res" 1278
"../../../Engine/Content/Internationalization/icudt64l/lang/is.res" 1279
"../../../Engine/Content/Internationalization/icudt64l/region/is.res" 1280
"../../../Engine/Content/Internationalization/icudt64l/lang/it.res" 1281
"../../../Engine/Content/Internationalization/icudt64l/region/it.res" 1282
"../../../Engine/Content/Internationalization/icudt64l/lang/ja.res" 1283
"../../../Engine/Content/Internationalization/icudt64l/lang/ja_JP.res" 1284
"../../../Engine/Content/Internationalization/icudt64l/region/ja_JP.res" 1285
"../../../Engine/Content/Internationalization/icudt64l/region/ja.res" 1286
"../../../Engine/Content/Internationalization/icudt64l/lang/jgo.res" 1287
"../../../Engine/Content/Internationalization/icudt64l/region/jgo.res" 1288
"../../../Engine/Content/Internationalization/icudt64l/lang/jmc.res" 1289
"../../../Engine/Content/Internationalization/icudt64l/region/jmc.res" 1290
"../../../Engine/Content/Internationalization/icudt64l/lang/jv.res" 1291
"../../../Engine/Content/Internationalization/icudt64l/region/jv.res" 1292
"../../../Engine/Content/Internationalization/icudt64l/lang/ka.res" 1293
"../../../Engine/Content/Internationalization/icudt64l/region/ka.res" 1294
"../../../Engine/Content/Internationalization/icudt64l/lang/kab.res" 1295
"../../../Engine/Content/Internationalization/icudt64l/region/kab.res" 1296
"../../../Engine/Content/Internationalization/icudt64l/lang/kam.res" 1297
"../../../Engine/Content/Internationalization/icudt64l/region/kam.res" 1298
"../../../Engine/Content/Internationalization/icudt64l/lang/kde.res" 1299
"../../../Engine/Content/Internationalization/icudt64l/region/kde.res" 1300
"../../../Engine/Content/Internationalization/icudt64l/lang/kea.res" 1301
"../../../Engine/Content/Internationalization/icudt64l/region/kea.res" 1302
"../../../Engine/Content/Internationalization/icudt64l/lang/khq.res" 1303
"../../../Engine/Content/Internationalization/icudt64l/region/khq.res" 1304
"../../../Engine/Content/Internationalization/icudt64l/lang/ki.res" 1305
"../../../Engine/Content/Internationalization/icudt64l/region/ki.res" 1306
"../../../Engine/Content/Internationalization/icudt64l/lang/kk.res" 1307
"../../../Engine/Content/Internationalization/icudt64l/region/kk.res" 1308
"../../../Engine/Content/Internationalization/icudt64l/lang/kkj.res" 1309
"../../../Engine/Content/Internationalization/icudt64l/region/kkj.res" 1310
"../../../Engine/Content/Internationalization/icudt64l/lang/kl.res" 1311
"../../../Engine/Content/Internationalization/icudt64l/region/kl.res" 1312
"../../../Engine/Content/Internationalization/icudt64l/lang/kln.res" 1313
"../../../Engine/Content/Internationalization/icudt64l/region/kln.res" 1314
"../../../Engine/Content/Internationalization/icudt64l/lang/km.res" 1315
"../../../Engine/Content/Internationalization/icudt64l/region/km.res" 1316
"../../../Engine/Content/Internationalization/icudt64l/lang/kn.res" 1317
"../../../Engine/Content/Internationalization/icudt64l/region/kn.res" 1318
"../../../Engine/Content/Internationalization/icudt64l/lang/ko.res" 1319
"../../../Engine/Content/Internationalization/icudt64l/region/ko_KP.res" 1320
"../../../Engine/Content/Internationalization/icudt64l/region/ko.res" 1321
"../../../Engine/Content/Internationalization/icudt64l/lang/kok.res" 1322
"../../../Engine/Content/Internationalization/icudt64l/region/kok.res" 1323
"../../../Engine/Content/Internationalization/icudt64l/lang/ks.res" 1324
"../../../Engine/Content/Internationalization/icudt64l/region/ks.res" 1325
"../../../Engine/Content/Internationalization/icudt64l/lang/ksb.res" 1326
"../../../Engine/Content/Internationalization/icudt64l/region/ksb.res" 1327
"../../../Engine/Content/Internationalization/icudt64l/lang/ksf.res" 1328
"../../../Engine/Content/Internationalization/icudt64l/region/ksf.res" 1329
"../../../Engine/Content/Internationalization/icudt64l/lang/ksh.res" 1330
"../../../Engine/Content/Internationalization/icudt64l/region/ksh.res" 1331
"../../../Engine/Content/Internationalization/icudt64l/lang/ku.res" 1332
"../../../Engine/Content/Internationalization/icudt64l/region/ku.res" 1333
"../../../Engine/Content/Internationalization/icudt64l/lang/kw.res" 1334
"../../../Engine/Content/Internationalization/icudt64l/region/kw.res" 1335
"../../../Engine/Content/Internationalization/icudt64l/lang/ky.res" 1336
"../../../Engine/Content/Internationalization/icudt64l/region/ky.res" 1337
"../../../Engine/Content/Internationalization/icudt64l/lang/lag.res" 1338
"../../../Engine/Content/Internationalization/icudt64l/region/lag.res" 1339
"../../../Engine/Content/Internationalization/icudt64l/lang/lb.res" 1340
"../../../Engine/Content/Internationalization/icudt64l/region/lb.res" 1341
"../../../Engine/Content/Internationalization/icudt64l/lang/lg.res" 1342
"../../../Engine/Content/Internationalization/icudt64l/region/lg.res" 1343
"../../../Engine/Content/Internationalization/icudt64l/lang/lkt.res" 1344
"../../../Engine/Content/Internationalization/icudt64l/region/lkt.res" 1345
"../../../Engine/Content/Internationalization/icudt64l/lang/ln.res" 1346
"../../../Engine/Content/Internationalization/icudt64l/region/ln.res" 1347
"../../../Engine/Content/Internationalization/icudt64l/lang/lo.res" 1348
"../../../Engine/Content/Internationalization/icudt64l/region/lo.res" 1349
"../../../Engine/Content/Internationalization/icudt64l/lang/lrc.res" 1350
"../../../Engine/Content/Internationalization/icudt64l/region/lrc.res" 1351
"../../../Engine/Content/Internationalization/icudt64l/lang/lt.res" 1352
"../../../Engine/Content/Internationalization/icudt64l/region/lt.res" 1353
"../../../Engine/Content/Internationalization/icudt64l/lang/lu.res" 1354
"../../../Engine/Content/Internationalization/icudt64l/region/lu.res" 1355
"../../../Engine/Content/Internationalization/icudt64l/lang/luo.res" 1356
"../../../Engine/Content/Internationalization/icudt64l/region/luo.res" 1357
"../../../Engine/Content/Internationalization/icudt64l/lang/luy.res" 1358
"../../../Engine/Content/Internationalization/icudt64l/region/luy.res" 1359
"../../../Engine/Content/Internationalization/icudt64l/lang/lv.res" 1360
"../../../Engine/Content/Internationalization/icudt64l/region/lv.res" 1361
"../../../Engine/Content/Internationalization/icudt64l/lang/mas.res" 1362
"../../../Engine/Content/Internationalization/icudt64l/region/mas.res" 1363
"../../../Engine/Content/Internationalization/icudt64l/lang/mer.res" 1364
"../../../Engine/Content/Internationalization/icudt64l/region/mer.res" 1365
"../../../Engine/Content/Internationalization/icudt64l/lang/mfe.res" 1366
"../../../Engine/Content/Internationalization/icudt64l/region/mfe.res" 1367
"../../../Engine/Content/Internationalization/icudt64l/lang/mg.res" 1368
"../../../Engine/Content/Internationalization/icudt64l/region/mg.res" 1369
"../../../Engine/Content/Internationalization/icudt64l/lang/mgh.res" 1370
"../../../Engine/Content/Internationalization/icudt64l/region/mgh.res" 1371
"../../../Engine/Content/Internationalization/icudt64l/lang/mgo.res" 1372
"../../../Engine/Content/Internationalization/icudt64l/region/mgo.res" 1373
"../../../Engine/Content/Internationalization/icudt64l/lang/mi.res" 1374
"../../../Engine/Content/Internationalization/icudt64l/region/mi.res" 1375
"../../../Engine/Content/Internationalization/icudt64l/lang/mk.res" 1376
"../../../Engine/Content/Internationalization/icudt64l/region/mk.res" 1377
"../../../Engine/Content/Internationalization/icudt64l/lang/ml.res" 1378
"../../../Engine/Content/Internationalization/icudt64l/region/ml.res" 1379
"../../../Engine/Content/Internationalization/icudt64l/lang/mn.res" 1380
"../../../Engine/Content/Internationalization/icudt64l/region/mn.res" 1381
"../../../Engine/Content/Internationalization/icudt64l/lang/mr.res" 1382
"../../../Engine/Content/Internationalization/icudt64l/region/mr.res" 1383
"../../../Engine/Content/Internationalization/icudt64l/lang/ms.res" 1384
"../../../Engine/Content/Internationalization/icudt64l/region/ms.res" 1385
"../../../Engine/Content/Internationalization/icudt64l/lang/mt.res" 1386
"../../../Engine/Content/Internationalization/icudt64l/region/mt.res" 1387
"../../../Engine/Content/Internationalization/icudt64l/lang/mua.res" 1388
"../../../Engine/Content/Internationalization/icudt64l/region/mua.res" 1389
"../../../Engine/Content/Internationalization/icudt64l/lang/my.res" 1390
"../../../Engine/Content/Internationalization/icudt64l/region/my.res" 1391
"../../../Engine/Content/Internationalization/icudt64l/lang/mzn.res" 1392
"../../../Engine/Content/Internationalization/icudt64l/region/mzn.res" 1393
"../../../Engine/Content/Internationalization/icudt64l/lang/naq.res" 1394
"../../../Engine/Content/Internationalization/icudt64l/region/naq.res" 1395
"../../../Engine/Content/Internationalization/icudt64l/lang/nb.res" 1396
"../../../Engine/Content/Internationalization/icudt64l/lang/nb_NO.res" 1397
"../../../Engine/Content/Internationalization/icudt64l/region/nb_NO.res" 1398
"../../../Engine/Content/Internationalization/icudt64l/region/nb.res" 1399
"../../../Engine/Content/Internationalization/icudt64l/lang/nd.res" 1400
"../../../Engine/Content/Internationalization/icudt64l/region/nd.res" 1401
"../../../Engine/Content/Internationalization/icudt64l/lang/nds.res" 1402
"../../../Engine/Content/Internationalization/icudt64l/region/nds.res" 1403
"../../../Engine/Content/Internationalization/icudt64l/lang/ne.res" 1404
"../../../Engine/Content/Internationalization/icudt64l/region/ne.res" 1405
"../../../Engine/Content/Internationalization/icudt64l/lang/nl.res" 1406
"../../../Engine/Content/Internationalization/icudt64l/region/nl.res" 1407
"../../../Engine/Content/Internationalization/icudt64l/lang/nmg.res" 1408
"../../../Engine/Content/Internationalization/icudt64l/region/nmg.res" 1409
"../../../Engine/Content/Internationalization/icudt64l/lang/nn.res" 1410
"../../../Engine/Content/Internationalization/icudt64l/lang/nn_NO.res" 1411
"../../../Engine/Content/Internationalization/icudt64l/region/nn_NO.res" 1412
"../../../Engine/Content/Internationalization/icudt64l/region/nn.res" 1413
"../../../Engine/Content/Internationalization/icudt64l/lang/nnh.res" 1414
"../../../Engine/Content/Internationalization/icudt64l/region/nnh.res" 1415
"../../../Engine/Content/Internationalization/icudt64l/lang/nus.res" 1416
"../../../Engine/Content/Internationalization/icudt64l/region/nus.res" 1417
"../../../Engine/Content/Internationalization/icudt64l/lang/nyn.res" 1418
"../../../Engine/Content/Internationalization/icudt64l/region/nyn.res" 1419
"../../../Engine/Content/Internationalization/icudt64l/lang/om.res" 1420
"../../../Engine/Content/Internationalization/icudt64l/region/om.res" 1421
"../../../Engine/Content/Internationalization/icudt64l/lang/or.res" 1422
"../../../Engine/Content/Internationalization/icudt64l/region/or.res" 1423
"../../../Engine/Content/Internationalization/icudt64l/lang/os.res" 1424
"../../../Engine/Content/Internationalization/icudt64l/region/os.res" 1425
"../../../Engine/Content/Internationalization/icudt64l/lang/pa.res" 1426
"../../../Engine/Content/Internationalization/icudt64l/lang/pa_Arab.res" 1427
"../../../Engine/Content/Internationalization/icudt64l/lang/pa_PK.res" 1428
"../../../Engine/Content/Internationalization/icudt64l/lang/pa_Arab_PK.res" 1429
"../../../Engine/Content/Internationalization/icudt64l/region/pa_PK.res" 1430
"../../../Engine/Content/Internationalization/icudt64l/region/pa_Arab_PK.res" 1431
"../../../Engine/Content/Internationalization/icudt64l/region/pa_Arab.res" 1432
"../../../Engine/Content/Internationalization/icudt64l/lang/pa_Guru.res" 1433
"../../../Engine/Content/Internationalization/icudt64l/lang/pa_IN.res" 1434
"../../../Engine/Content/Internationalization/icudt64l/lang/pa_Guru_IN.res" 1435
"../../../Engine/Content/Internationalization/icudt64l/region/pa_IN.res" 1436
"../../../Engine/Content/Internationalization/icudt64l/region/pa_Guru_IN.res" 1437
"../../../Engine/Content/Internationalization/icudt64l/region/pa_Guru.res" 1438
"../../../Engine/Content/Internationalization/icudt64l/region/pa.res" 1439
"../../../Engine/Content/Internationalization/icudt64l/lang/pl.res" 1440
"../../../Engine/Content/Internationalization/icudt64l/region/pl.res" 1441
"../../../Engine/Content/Internationalization/icudt64l/lang/ps.res" 1442
"../../../Engine/Content/Internationalization/icudt64l/region/ps.res" 1443
"../../../Engine/Content/Internationalization/icudt64l/lang/ps_PK.res" 1444
"../../../Engine/Content/Internationalization/icudt64l/region/ps_PK.res" 1445
"../../../Engine/Content/Internationalization/icudt64l/lang/pt.res" 1446
"../../../Engine/Content/Internationalization/icudt64l/lang/pt_AO.res" 1447
"../../../Engine/Content/Internationalization/icudt64l/lang/pt_PT.res" 1448
"../../../Engine/Content/Internationalization/icudt64l/region/pt_AO.res" 1449
"../../../Engine/Content/Internationalization/icudt64l/region/pt_PT.res" 1450
"../../../Engine/Content/Internationalization/icudt64l/region/pt.res" 1451
"../../../Engine/Content/Internationalization/icudt64l/lang/pt_CH.res" 1452
"../../../Engine/Content/Internationalization/icudt64l/region/pt_CH.res" 1453
"../../../Engine/Content/Internationalization/icudt64l/lang/pt_CV.res" 1454
"../../../Engine/Content/Internationalization/icudt64l/region/pt_CV.res" 1455
"../../../Engine/Content/Internationalization/icudt64l/lang/pt_GQ.res" 1456
"../../../Engine/Content/Internationalization/icudt64l/region/pt_GQ.res" 1457
"../../../Engine/Content/Internationalization/icudt64l/lang/pt_GW.res" 1458
"../../../Engine/Content/Internationalization/icudt64l/region/pt_GW.res" 1459
"../../../Engine/Content/Internationalization/icudt64l/lang/pt_LU.res" 1460
"../../../Engine/Content/Internationalization/icudt64l/region/pt_LU.res" 1461
"../../../Engine/Content/Internationalization/icudt64l/lang/pt_MO.res" 1462
"../../../Engine/Content/Internationalization/icudt64l/region/pt_MO.res" 1463
"../../../Engine/Content/Internationalization/icudt64l/lang/pt_MZ.res" 1464
"../../../Engine/Content/Internationalization/icudt64l/region/pt_MZ.res" 1465
"../../../Engine/Content/Internationalization/icudt64l/lang/pt_ST.res" 1466
"../../../Engine/Content/Internationalization/icudt64l/region/pt_ST.res" 1467
"../../../Engine/Content/Internationalization/icudt64l/lang/pt_TL.res" 1468
"../../../Engine/Content/Internationalization/icudt64l/region/pt_TL.res" 1469
"../../../Engine/Content/Internationalization/icudt64l/lang/qu.res" 1470
"../../../Engine/Content/Internationalization/icudt64l/region/qu.res" 1471
"../../../Engine/Content/Internationalization/icudt64l/lang/rm.res" 1472
"../../../Engine/Content/Internationalization/icudt64l/region/rm.res" 1473
"../../../Engine/Content/Internationalization/icudt64l/lang/rn.res" 1474
"../../../Engine/Content/Internationalization/icudt64l/region/rn.res" 1475
"../../../Engine/Content/Internationalization/icudt64l/lang/ro.res" 1476
"../../../Engine/Content/Internationalization/icudt64l/lang/ro_MD.res" 1477
"../../../Engine/Content/Internationalization/icudt64l/region/ro_MD.res" 1478
"../../../Engine/Content/Internationalization/icudt64l/region/ro.res" 1479
"../../../Engine/Content/Internationalization/icudt64l/lang/rof.res" 1480
"../../../Engine/Content/Internationalization/icudt64l/region/rof.res" 1481
"../../../Engine/Content/Internationalization/icudt64l/region/ru_UA.res" 1482
"../../../Engine/Content/Internationalization/icudt64l/lang/rw.res" 1483
"../../../Engine/Content/Internationalization/icudt64l/region/rw.res" 1484
"../../../Engine/Content/Internationalization/icudt64l/lang/rwk.res" 1485
"../../../Engine/Content/Internationalization/icudt64l/region/rwk.res" 1486
"../../../Engine/Content/Internationalization/icudt64l/lang/sah.res" 1487
"../../../Engine/Content/Internationalization/icudt64l/region/sah.res" 1488
"../../../Engine/Content/Internationalization/icudt64l/lang/saq.res" 1489
"../../../Engine/Content/Internationalization/icudt64l/region/saq.res" 1490
"../../../Engine/Content/Internationalization/icudt64l/lang/sbp.res" 1491
"../../../Engine/Content/Internationalization/icudt64l/region/sbp.res" 1492
"../../../Engine/Content/Internationalization/icudt64l/lang/sd.res" 1493
"../../../Engine/Content/Internationalization/icudt64l/region/sd.res" 1494
"../../../Engine/Content/Internationalization/icudt64l/lang/se.res" 1495
"../../../Engine/Content/Internationalization/icudt64l/lang/se_FI.res" 1496
"../../../Engine/Content/Internationalization/icudt64l/region/se_FI.res" 1497
"../../../Engine/Content/Internationalization/icudt64l/region/se.res" 1498
"../../../Engine/Content/Internationalization/icudt64l/lang/seh.res" 1499
"../../../Engine/Content/Internationalization/icudt64l/region/seh.res" 1500
"../../../Engine/Content/Internationalization/icudt64l/lang/ses.res" 1501
"../../../Engine/Content/Internationalization/icudt64l/region/ses.res" 1502
"../../../Engine/Content/Internationalization/icudt64l/lang/sg.res" 1503
"../../../Engine/Content/Internationalization/icudt64l/region/sg.res" 1504
"../../../Engine/Content/Internationalization/icudt64l/lang/shi.res" 1505
"../../../Engine/Content/Internationalization/icudt64l/lang/shi_Latn.res" 1506
"../../../Engine/Content/Internationalization/icudt64l/lang/shi_MA.res" 1507
"../../../Engine/Content/Internationalization/icudt64l/lang/shi_Tfng_MA.res" 1508
"../../../Engine/Content/Internationalization/icudt64l/lang/shi_Tfng.res" 1509
"../../../Engine/Content/Internationalization/icudt64l/region/shi_MA.res" 1510
"../../../Engine/Content/Internationalization/icudt64l/region/shi_Tfng_MA.res" 1511
"../../../Engine/Content/Internationalization/icudt64l/region/shi_Tfng.res" 1512
"../../../Engine/Content/Internationalization/icudt64l/region/shi.res" 1513
"../../../Engine/Content/Internationalization/icudt64l/region/shi_Latn.res" 1514
"../../../Engine/Content/Internationalization/icudt64l/lang/si.res" 1515
"../../../Engine/Content/Internationalization/icudt64l/region/si.res" 1516
"../../../Engine/Content/Internationalization/icudt64l/lang/sk.res" 1517
"../../../Engine/Content/Internationalization/icudt64l/region/sk.res" 1518
"../../../Engine/Content/Internationalization/icudt64l/lang/sl.res" 1519
"../../../Engine/Content/Internationalization/icudt64l/region/sl.res" 1520
"../../../Engine/Content/Internationalization/icudt64l/lang/smn.res" 1521
"../../../Engine/Content/Internationalization/icudt64l/region/smn.res" 1522
"../../../Engine/Content/Internationalization/icudt64l/lang/sn.res" 1523
"../../../Engine/Content/Internationalization/icudt64l/region/sn.res" 1524
"../../../Engine/Content/Internationalization/icudt64l/lang/so.res" 1525
"../../../Engine/Content/Internationalization/icudt64l/region/so.res" 1526
"../../../Engine/Content/Internationalization/icudt64l/lang/sq.res" 1527
"../../../Engine/Content/Internationalization/icudt64l/region/sq.res" 1528
"../../../Engine/Content/Internationalization/icudt64l/lang/sr.res" 1529
"../../../Engine/Content/Internationalization/icudt64l/lang/sr_Cyrl.res" 1530
"../../../Engine/Content/Internationalization/icudt64l/lang/sr_BA.res" 1531
"../../../Engine/Content/Internationalization/icudt64l/lang/sr_Cyrl_BA.res" 1532
"../../../Engine/Content/Internationalization/icudt64l/region/sr_BA.res" 1533
"../../../Engine/Content/Internationalization/icudt64l/region/sr_Cyrl_BA.res" 1534
"../../../Engine/Content/Internationalization/icudt64l/region/sr_Cyrl.res" 1535
"../../../Engine/Content/Internationalization/icudt64l/region/sr.res" 1536
"../../../Engine/Content/Internationalization/icudt64l/lang/sr_ME.res" 1537
"../../../Engine/Content/Internationalization/icudt64l/lang/sr_Latn_ME.res" 1538
"../../../Engine/Content/Internationalization/icudt64l/lang/sr_Latn.res" 1539
"../../../Engine/Content/Internationalization/icudt64l/region/sr_ME.res" 1540
"../../../Engine/Content/Internationalization/icudt64l/region/sr_Latn_ME.res" 1541
"../../../Engine/Content/Internationalization/icudt64l/region/sr_Latn.res" 1542
"../../../Engine/Content/Internationalization/icudt64l/lang/sr_Cyrl_ME.res" 1543
"../../../Engine/Content/Internationalization/icudt64l/region/sr_Cyrl_ME.res" 1544
"../../../Engine/Content/Internationalization/icudt64l/lang/sr_RS.res" 1545
"../../../Engine/Content/Internationalization/icudt64l/lang/sr_Cyrl_RS.res" 1546
"../../../Engine/Content/Internationalization/icudt64l/region/sr_RS.res" 1547
"../../../Engine/Content/Internationalization/icudt64l/region/sr_Cyrl_RS.res" 1548
"../../../Engine/Content/Internationalization/icudt64l/lang/sr_XK.res" 1549
"../../../Engine/Content/Internationalization/icudt64l/lang/sr_Cyrl_XK.res" 1550
"../../../Engine/Content/Internationalization/icudt64l/region/sr_XK.res" 1551
"../../../Engine/Content/Internationalization/icudt64l/region/sr_Cyrl_XK.res" 1552
"../../../Engine/Content/Internationalization/icudt64l/lang/sr_Latn_BA.res" 1553
"../../../Engine/Content/Internationalization/icudt64l/region/sr_Latn_BA.res" 1554
"../../../Engine/Content/Internationalization/icudt64l/lang/sr_Latn_RS.res" 1555
"../../../Engine/Content/Internationalization/icudt64l/region/sr_Latn_RS.res" 1556
"../../../Engine/Content/Internationalization/icudt64l/lang/sr_Latn_XK.res" 1557
"../../../Engine/Content/Internationalization/icudt64l/region/sr_Latn_XK.res" 1558
"../../../Engine/Content/Internationalization/icudt64l/lang/sv.res" 1559
"../../../Engine/Content/Internationalization/icudt64l/region/sv.res" 1560
"../../../Engine/Content/Internationalization/icudt64l/lang/sv_FI.res" 1561
"../../../Engine/Content/Internationalization/icudt64l/lang/sw.res" 1562
"../../../Engine/Content/Internationalization/icudt64l/lang/sw_CD.res" 1563
"../../../Engine/Content/Internationalization/icudt64l/region/sw_CD.res" 1564
"../../../Engine/Content/Internationalization/icudt64l/region/sw.res" 1565
"../../../Engine/Content/Internationalization/icudt64l/lang/sw_KE.res" 1566
"../../../Engine/Content/Internationalization/icudt64l/region/sw_KE.res" 1567
"../../../Engine/Content/Internationalization/icudt64l/lang/ta.res" 1568
"../../../Engine/Content/Internationalization/icudt64l/region/ta.res" 1569
"../../../Engine/Content/Internationalization/icudt64l/lang/te.res" 1570
"../../../Engine/Content/Internationalization/icudt64l/region/te.res" 1571
"../../../Engine/Content/Internationalization/icudt64l/lang/teo.res" 1572
"../../../Engine/Content/Internationalization/icudt64l/region/teo.res" 1573
"../../../Engine/Content/Internationalization/icudt64l/lang/tg.res" 1574
"../../../Engine/Content/Internationalization/icudt64l/region/tg.res" 1575
"../../../Engine/Content/Internationalization/icudt64l/lang/th.res" 1576
"../../../Engine/Content/Internationalization/icudt64l/lang/th_TH.res" 1577
"../../../Engine/Content/Internationalization/icudt64l/region/th_TH.res" 1578
"../../../Engine/Content/Internationalization/icudt64l/region/th.res" 1579
"../../../Engine/Content/Internationalization/icudt64l/lang/ti.res" 1580
"../../../Engine/Content/Internationalization/icudt64l/region/ti.res" 1581
"../../../Engine/Content/Internationalization/icudt64l/lang/tk.res" 1582
"../../../Engine/Content/Internationalization/icudt64l/region/tk.res" 1583
"../../../Engine/Content/Internationalization/icudt64l/lang/to.res" 1584
"../../../Engine/Content/Internationalization/icudt64l/region/to.res" 1585
"../../../Engine/Content/Internationalization/icudt64l/lang/tr.res" 1586
"../../../Engine/Content/Internationalization/icudt64l/region/tr.res" 1587
"../../../Engine/Content/Internationalization/icudt64l/lang/tt.res" 1588
"../../../Engine/Content/Internationalization/icudt64l/region/tt.res" 1589
"../../../Engine/Content/Internationalization/icudt64l/lang/twq.res" 1590
"../../../Engine/Content/Internationalization/icudt64l/region/twq.res" 1591
"../../../Engine/Content/Internationalization/icudt64l/lang/tzm.res" 1592
"../../../Engine/Content/Internationalization/icudt64l/region/tzm.res" 1593
"../../../Engine/Content/Internationalization/icudt64l/lang/ug.res" 1594
"../../../Engine/Content/Internationalization/icudt64l/region/ug.res" 1595
"../../../Engine/Content/Internationalization/icudt64l/lang/uk.res" 1596
"../../../Engine/Content/Internationalization/icudt64l/region/uk.res" 1597
"../../../Engine/Content/Internationalization/icudt64l/lang/ur.res" 1598
"../../../Engine/Content/Internationalization/icudt64l/lang/ur_IN.res" 1599
"../../../Engine/Content/Internationalization/icudt64l/region/ur_IN.res" 1600
"../../../Engine/Content/Internationalization/icudt64l/region/ur.res" 1601
"../../../Engine/Content/Internationalization/icudt64l/lang/uz.res" 1602
"../../../Engine/Content/Internationalization/icudt64l/lang/uz_Arab.res" 1603
"../../../Engine/Content/Internationalization/icudt64l/lang/uz_AF.res" 1604
"../../../Engine/Content/Internationalization/icudt64l/lang/uz_Arab_AF.res" 1605
"../../../Engine/Content/Internationalization/icudt64l/region/uz_AF.res" 1606
"../../../Engine/Content/Internationalization/icudt64l/region/uz_Arab_AF.res" 1607
"../../../Engine/Content/Internationalization/icudt64l/region/uz_Arab.res" 1608
"../../../Engine/Content/Internationalization/icudt64l/lang/uz_Cyrl.res" 1609
"../../../Engine/Content/Internationalization/icudt64l/lang/uz_UZ.res" 1610
"../../../Engine/Content/Internationalization/icudt64l/lang/uz_Latn_UZ.res" 1611
"../../../Engine/Content/Internationalization/icudt64l/lang/uz_Latn.res" 1612
"../../../Engine/Content/Internationalization/icudt64l/region/uz_UZ.res" 1613
"../../../Engine/Content/Internationalization/icudt64l/region/uz_Latn_UZ.res" 1614
"../../../Engine/Content/Internationalization/icudt64l/region/uz_Latn.res" 1615
"../../../Engine/Content/Internationalization/icudt64l/region/uz.res" 1616
"../../../Engine/Content/Internationalization/icudt64l/region/uz_Cyrl.res" 1617
"../../../Engine/Content/Internationalization/icudt64l/lang/vai.res" 1618
"../../../Engine/Content/Internationalization/icudt64l/lang/vai_Latn.res" 1619
"../../../Engine/Content/Internationalization/icudt64l/lang/vai_LR.res" 1620
"../../../Engine/Content/Internationalization/icudt64l/lang/vai_Vaii_LR.res" 1621
"../../../Engine/Content/Internationalization/icudt64l/lang/vai_Vaii.res" 1622
"../../../Engine/Content/Internationalization/icudt64l/region/vai_LR.res" 1623
"../../../Engine/Content/Internationalization/icudt64l/region/vai_Vaii_LR.res" 1624
"../../../Engine/Content/Internationalization/icudt64l/region/vai_Vaii.res" 1625
"../../../Engine/Content/Internationalization/icudt64l/region/vai.res" 1626
"../../../Engine/Content/Internationalization/icudt64l/region/vai_Latn.res" 1627
"../../../Engine/Content/Internationalization/icudt64l/lang/vi.res" 1628
"../../../Engine/Content/Internationalization/icudt64l/region/vi.res" 1629
"../../../Engine/Content/Internationalization/icudt64l/lang/vun.res" 1630
"../../../Engine/Content/Internationalization/icudt64l/region/vun.res" 1631
"../../../Engine/Content/Internationalization/icudt64l/lang/wae.res" 1632
"../../../Engine/Content/Internationalization/icudt64l/region/wae.res" 1633
"../../../Engine/Content/Internationalization/icudt64l/lang/wo.res" 1634
"../../../Engine/Content/Internationalization/icudt64l/region/wo.res" 1635
"../../../Engine/Content/Internationalization/icudt64l/lang/xh.res" 1636
"../../../Engine/Content/Internationalization/icudt64l/region/xh.res" 1637
"../../../Engine/Content/Internationalization/icudt64l/lang/xog.res" 1638
"../../../Engine/Content/Internationalization/icudt64l/region/xog.res" 1639
"../../../Engine/Content/Internationalization/icudt64l/lang/yav.res" 1640
"../../../Engine/Content/Internationalization/icudt64l/region/yav.res" 1641
"../../../Engine/Content/Internationalization/icudt64l/lang/yi.res" 1642
"../../../Engine/Content/Internationalization/icudt64l/region/yi.res" 1643
"../../../Engine/Content/Internationalization/icudt64l/lang/yo.res" 1644
"../../../Engine/Content/Internationalization/icudt64l/lang/yo_BJ.res" 1645
"../../../Engine/Content/Internationalization/icudt64l/region/yo_BJ.res" 1646
"../../../Engine/Content/Internationalization/icudt64l/region/yo.res" 1647
"../../../Engine/Content/Internationalization/icudt64l/lang/yue.res" 1648
"../../../Engine/Content/Internationalization/icudt64l/lang/yue_Hans.res" 1649
"../../../Engine/Content/Internationalization/icudt64l/lang/yue_CN.res" 1650
"../../../Engine/Content/Internationalization/icudt64l/lang/yue_Hans_CN.res" 1651
"../../../Engine/Content/Internationalization/icudt64l/region/yue_CN.res" 1652
"../../../Engine/Content/Internationalization/icudt64l/region/yue_Hans_CN.res" 1653
"../../../Engine/Content/Internationalization/icudt64l/region/yue_Hans.res" 1654
"../../../Engine/Content/Internationalization/icudt64l/lang/yue_Hant.res" 1655
"../../../Engine/Content/Internationalization/icudt64l/lang/yue_HK.res" 1656
"../../../Engine/Content/Internationalization/icudt64l/lang/yue_Hant_HK.res" 1657
"../../../Engine/Content/Internationalization/icudt64l/region/yue_HK.res" 1658
"../../../Engine/Content/Internationalization/icudt64l/region/yue_Hant_HK.res" 1659
"../../../Engine/Content/Internationalization/icudt64l/region/yue_Hant.res" 1660
"../../../Engine/Content/Internationalization/icudt64l/region/yue.res" 1661
"../../../Engine/Content/Internationalization/icudt64l/lang/zgh.res" 1662
"../../../Engine/Content/Internationalization/icudt64l/region/zgh.res" 1663
"../../../Engine/Content/Internationalization/icudt64l/lang/zh.res" 1664
"../../../Engine/Content/Internationalization/icudt64l/lang/zh_Hans.res" 1665
"../../../Engine/Content/Internationalization/icudt64l/lang/zh_CN.res" 1666
"../../../Engine/Content/Internationalization/icudt64l/lang/zh_Hans_CN.res" 1667
"../../../Engine/Content/Internationalization/icudt64l/region/zh_CN.res" 1668
"../../../Engine/Content/Internationalization/icudt64l/region/zh_Hans_CN.res" 1669
"../../../Engine/Content/Internationalization/icudt64l/region/zh_Hans.res" 1670
"../../../Engine/Content/Internationalization/icudt64l/region/zh.res" 1671
"../../../Engine/Content/Internationalization/icudt64l/lang/zh_HK.res" 1672
"../../../Engine/Content/Internationalization/icudt64l/lang/zh_Hant_HK.res" 1673
"../../../Engine/Content/Internationalization/icudt64l/lang/zh_Hant.res" 1674
"../../../Engine/Content/Internationalization/icudt64l/region/zh_HK.res" 1675
"../../../Engine/Content/Internationalization/icudt64l/region/zh_Hant_HK.res" 1676
"../../../Engine/Content/Internationalization/icudt64l/region/zh_Hant.res" 1677
"../../../Engine/Content/Internationalization/icudt64l/lang/zh_MO.res" 1678
"../../../Engine/Content/Internationalization/icudt64l/lang/zh_Hant_MO.res" 1679
"../../../Engine/Content/Internationalization/icudt64l/region/zh_MO.res" 1680
"../../../Engine/Content/Internationalization/icudt64l/region/zh_Hant_MO.res" 1681
"../../../Engine/Content/Internationalization/icudt64l/lang/zh_SG.res" 1682
"../../../Engine/Content/Internationalization/icudt64l/lang/zh_Hans_SG.res" 1683
"../../../Engine/Content/Internationalization/icudt64l/region/zh_SG.res" 1684
"../../../Engine/Content/Internationalization/icudt64l/region/zh_Hans_SG.res" 1685
"../../../Engine/Content/Internationalization/icudt64l/lang/zh_TW.res" 1686
"../../../Engine/Content/Internationalization/icudt64l/lang/zh_Hant_TW.res" 1687
"../../../Engine/Content/Internationalization/icudt64l/region/zh_TW.res" 1688
"../../../Engine/Content/Internationalization/icudt64l/region/zh_Hant_TW.res" 1689
"../../../Engine/Content/Internationalization/icudt64l/lang/zu.res" 1690
"../../../Engine/Content/Internationalization/icudt64l/region/zu.res" 1691
"../../../Engine/Content/Internationalization/icudt64l/lang/no.res" 1692
"../../../Engine/Content/Internationalization/icudt64l/lang/tl.res" 1693
"../../../Engine/Config/Android/DataDrivenPlatformInfo.ini" 1694
"../../../Engine/Config/HoloLens/DataDrivenPlatformInfo.ini" 1695
"../../../Engine/Config/IOS/DataDrivenPlatformInfo.ini" 1696
"../../../Engine/Config/Linux/DataDrivenPlatformInfo.ini" 1697
"../../../Engine/Config/LinuxArm64/DataDrivenPlatformInfo.ini" 1698
"../../../Engine/Config/Mac/DataDrivenPlatformInfo.ini" 1699
"../../../Engine/Config/TVOS/DataDrivenPlatformInfo.ini" 1700
"../../../Engine/Config/Unix/DataDrivenPlatformInfo.ini" 1701
"../../../Engine/Config/VulkanPC/DataDrivenPlatformInfo.ini" 1702
"../../../Engine/Config/Windows/DataDrivenPlatformInfo.ini" 1703
"../../../Engine/DerivedDataCache/Compressed.ddp" 1704
"C:/Users/silve/AppData/Local/UnrealEngine/Common/DerivedDataCache/TestData/0/TestData_4kb.dat" 1705
"C:/Users/silve/AppData/Local/UnrealEngine/Common/DerivedDataCache/TestData/1/TestData_4kb.dat" 1706
"C:/Users/silve/AppData/Local/UnrealEngine/Common/DerivedDataCache/TestData/0/TestData_8kb.dat" 1707
"C:/Users/silve/AppData/Local/UnrealEngine/Common/DerivedDataCache/TestData/1/TestData_8kb.dat" 1708
"C:/Users/silve/AppData/Local/UnrealEngine/Common/DerivedDataCache/TestData/0/TestData_16kb.dat" 1709
"C:/Users/silve/AppData/Local/UnrealEngine/Common/DerivedDataCache/TestData/1/TestData_16kb.dat" 1710
"C:/Users/silve/AppData/Local/UnrealEngine/Common/DerivedDataCache/TestData/0/TestData_64kb.dat" 1711
"C:/Users/silve/AppData/Local/UnrealEngine/Common/DerivedDataCache/TestData/1/TestData_64kb.dat" 1712
"C:/Users/silve/AppData/Local/UnrealEngine/Common/DerivedDataCache/TestData/0/TestData_128kb.dat" 1713
"C:/Users/silve/AppData/Local/UnrealEngine/Common/DerivedDataCache/TestData/1/TestData_128kb.dat" 1714
"C:/Users/silve/AppData/Local/UnrealEngine/Common/DerivedDataCache/TestData/0/TestData_256kb.dat" 1715
"C:/Users/silve/AppData/Local/UnrealEngine/Common/DerivedDataCache/TestData/1/TestData_256kb.dat" 1716
"../../../Engine/Plugins/FX/Niagara/Shaders/Private/NiagaraSpriteVertexFactory.ush" 1717
"../../../Engine/Shaders/Private/VertexFactoryCommon.ush" 1718
"../../../Engine/Shaders/Private/Common.ush" 1719
"../../../Engine/Shaders/Public/Platform.ush" 1720
"../../../Engine/Shaders/Public/FP16Math.ush" 1721
"../../../Engine/Shaders/Public/Platform/D3D/D3DCommon.ush" 1722
"../../../Engine/Shaders/Public/BindlessResources.ush" 1723
"../../../Engine/Shaders/Public/ShaderVersion.ush" 1724
"../../../Engine/Shaders/Private/GeneratedUniformBufferTypes.ush" 1725
"../../../Engine/Shaders/Private/Nanite/NanitePackedNaniteView.ush" 1726
"../../../Engine/Shaders/Private/HairStrands/HairStrandsVisibilityCommonStruct.ush" 1727
"../../../Engine/Shaders/Private/HairStrands/HairStrandsVoxelPageCommonStruct.ush" 1728
"../../../Engine/Shaders/Private/HairStrands/HairStrandsDeepShadowCommonStruct.ush" 1729
"../../../Engine/Shaders/Private/CommonViewUniformBuffer.ush" 1730
"../../../Engine/Shaders/Private/LargeWorldCoordinates.ush" 1731
"../../../Engine/Shaders/Private/LWCOperations.ush" 1732
"../../../Engine/Shaders/Private/InstancedStereo.ush" 1733
"../../../Engine/Shaders/Private/Definitions.usf" 1734
"../../../Engine/Shaders/Private/AssertionMacros.ush" 1735
"../../../Engine/Shaders/Private/FastMath.ush" 1736
"../../../Engine/Shaders/Private/FastMathThirdParty.ush" 1737
"../../../Engine/Shaders/Private/Random.ush" 1738
"../../../Engine/Shaders/Private/SceneData.ush" 1739
"../../../Engine/Shaders/Private/OctahedralCommon.ush" 1740
"../../../Engine/Shaders/Shared/LightSceneData.h" 1741
"../../../Engine/Shaders/Shared/HLSLTypeAliases.h" 1742
"../../../Engine/Shaders/Private/ParticleVertexFactoryCommon.ush" 1743
"../../../Engine/Plugins/FX/Niagara/Shaders/Private/NiagaraVFCommon.usf" 1744
"../../../Engine/Plugins/FX/Niagara/Shaders/Private/NiagaraVFParticleAccess.usf" 1745
"../../../Engine/Plugins/FX/Niagara/Shaders/Private/NiagaraParticleAccess.ush" 1746
"../../../Engine/Shaders/Private/VertexFactoryDefaultInterface.ush" 1747
"../../../Engine/Plugins/FX/Niagara/Shaders/Private/NiagaraRibbonVertexFactory.ush" 1748
"../../../Engine/Plugins/FX/Niagara/Shaders/Private/NiagaraMeshVertexFactory.ush" 1749
"../../../Engine/Plugins/FX/Niagara/Shaders/Private/NiagaraCommon.ush" 1750
"../../../Engine/Plugins/FX/Niagara/Shaders/Private/NiagaraMeshParticleUtils.ush" 1751
"../../../Engine/Shaders/Private/RayTracing/RayTracingCommon.ush" 1752
"../../../Engine/Shaders/Private/ShadingCommon.ush" 1753
"../../../Engine/Shaders/Shared/RayTracingDefinitions.h" 1754
"../../../Engine/Shaders/Shared/RayTracingPayloadType.h" 1755
"../../../Engine/Shaders/Shared/HLSLStaticAssert.h" 1756
"../../../Engine/Shaders/Private/RayTracing/RayTracingRayCone.ush" 1757
"../../../Engine/Shaders/Private/Strata/Strata.ush" 1758
"../../../Engine/Shaders/Private/ShadingEnergyConservation.ush" 1759
"../../../Engine/Shaders/Private/ShadingEnergyConservationTemplate.ush" 1760
"../../../Engine/Shaders/Private/BRDF.ush" 1761
"../../../Engine/Shaders/Private/ColorSpace.ush" 1762
"../../../Engine/Shaders/Private/DeferredShadingCommon.ush" 1763
"../../../Engine/Shaders/Private/LightAccumulator.ush" 1764
"../../../Engine/Shaders/Private/SceneTexturesCommon.ush" 1765
"../../../Engine/Shaders/Private/MonteCarlo.ush" 1766
"../../../Engine/Shaders/Private/GBufferHelpers.ush" 1767
"../../../Engine/Shaders/Private/SceneTextureParameters.ush" 1768
"C:/Users/silve/OneDrive/Documents/Unreal Projects/MergeHouses/Intermediate/ShaderAutogen/PCD3D_SM5/AutogenShaderHeaders.ush" 1769
"../../../Engine/Shaders/Private/ParticipatingMediaCommon.ush" 1770
"../../../Engine/Shaders/Private/ThinFilmBSDF.ush" 1771
"../../../Engine/Shaders/Private/MortonCode.ush" 1772
"../../../Engine/Shaders/Private/SubsurfaceProfileCommon.ush" 1773
"../../../Engine/Shaders/Private/BurleyNormalizedSSSCommon.ush" 1774
"../../../Engine/Shaders/Private/GammaCorrectionCommon.ush" 1775
"../../../Engine/Shaders/Shared/StrataDefinitions.h" 1776
"../../../Engine/Shaders/Private/Strata/StrataStatisticalOperators.ush" 1777
"../../../Engine/Shaders/Private/RayTracing/RayTracingCommonMetal.ush" 1778
"../../../Engine/Shaders/Private/PositionReconstructionCommon.ush" 1779
"../../../Engine/Shaders/Private/RayTracing/RayTracingHitGroupCommon.ush" 1780
"../../../Engine/Shaders/Shared/RayTracingBuiltInResources.h" 1781
"../../../Engine/Shaders/Private/VectorFieldVisualizationVertexFactory.ush" 1782
"../../../Engine/Shaders/Private/Nanite/NaniteVertexFactory.ush" 1783
"../../../Engine/Shaders/Private/LightmapData.ush" 1784
"../../../Engine/Shaders/Private/Nanite/NaniteDataDecode.ush" 1785
"../../../Engine/Shaders/Private/BitPacking.ush" 1786
"../../../Engine/Shaders/Private/BitStreamReaderImplementation.ush" 1787
"../../../Engine/Shaders/Shared/NaniteDefinitions.h" 1788
"../../../Engine/Shaders/Private/Nanite/NaniteAttributeDecode.ush" 1789
"../../../Engine/Shaders/Private/ParticleSpriteVertexFactory.ush" 1790
"../../../Engine/Shaders/Private/ParticleGPUSpriteVertexFactory.ush" 1791
"../../../Engine/Shaders/Private/ParticleBeamTrailVertexFactory.ush" 1792
"../../../Engine/Shaders/Private/MeshParticleVertexFactory.ush" 1793
"../../../Engine/Shaders/Private/LocalVertexFactory.ush" 1794
"../../../Engine/Shaders/Private/LocalVertexFactoryCommon.ush" 1795
"../../../Engine/Shaders/Private/GpuSkinCommon.ush" 1796
"../../../Engine/Shaders/Private/GpuSkinVertexFactory.ush" 1797
"../../../Engine/Shaders/Private/GeometryCollectionVertexFactory.ush" 1798
"../../../Engine/Shaders/Private/GeometryCacheVertexFactory.ush" 1799
"../../../Engine/Shaders/Private/LandscapeVertexFactory.ush" 1800
"../../../Engine/Plugins/Media/WmfMedia/Shaders/Private/MediaHardwareVideoDecoding.usf" 1801
"../../../Engine/Shaders/Private/ColorUtils.ush" 1802
"../../../Engine/Plugins/Media/ImgMedia/Shaders/Private/ExrSwizzler.usf" 1803
"../../../Engine/Plugins/FX/Niagara/Shaders/Private/NiagaraFillIntBuffer.usf" 1804
"../../../Engine/Plugins/FX/Niagara/Shaders/Private/NiagaraComputeFreeIDs.usf" 1805
"../../../Engine/Plugins/FX/Niagara/Shaders/Private/NiagaraInitFreeIDBuffer.usf" 1806
"../../../Engine/Plugins/FX/Niagara/Shaders/Private/NiagaraEmitterInstanceShader.usf" 1807
"../../../Engine/Plugins/FX/Niagara/Shaders/Private/NiagaraShaderVersion.ush" 1808
"../../../Engine/Shaders/Private/DistanceField/GlobalDistanceFieldShared.ush" 1809
"../../../Engine/Plugins/FX/Niagara/Shaders/Private/NiagaraPhysicsCommon.ush" 1810
"../../../Engine/Plugins/FX/Niagara/Shaders/Private/Ribbons/NiagaraRibbonGenerateIndices.usf" 1811
"../../../Engine/Plugins/FX/Niagara/Shaders/Private/Ribbons/NiagaraRibbonCommon.ush" 1812
"../../../Engine/Plugins/FX/Niagara/Shaders/Private/Ribbons/NiagaraRibbonInitializeIndices.usf" 1813
"../../../Engine/Plugins/FX/Niagara/Shaders/Private/Ribbons/NiagaraRibbonRibbonUVParamCalculation.usf" 1814
"../../../Engine/Plugins/FX/Niagara/Shaders/Private/Ribbons/NiagaraRibbonVertexReductionFinalization.usf" 1815
"../../../Engine/Plugins/FX/Niagara/Shaders/Private/Ribbons/NiagaraRibbonVertexReductionPropagation.usf" 1816
"../../../Engine/Plugins/FX/Niagara/Shaders/Private/Ribbons/NiagaraRibbonVertexReductionInitialization.usf" 1817
"../../../Engine/Plugins/FX/Niagara/Shaders/Private/Ribbons/NiagaraRibbonSortParticles.usf" 1818
"../../../Engine/Plugins/FX/Niagara/Shaders/Private/NiagaraUpdateMeshGPUSceneInstances.usf" 1819
"../../../Engine/Shaders/Private/ComputeShaderUtils.ush" 1820
"../../../Engine/Shaders/Private/GPUScene/GPUSceneWriter.ush" 1821
"../../../Engine/Plugins/FX/Niagara/Shaders/Private/NiagaraGenerateMips.usf" 1822
"../../../Engine/Plugins/FX/Niagara/Shaders/Private/NiagaraDebugDraw.usf" 1823
"../../../Engine/Plugins/FX/Niagara/Shaders/Private/NiagaraDebugDraw.ush" 1824
"../../../Engine/Plugins/FX/Niagara/Shaders/Private/NiagaraVisualizeTexture.usf" 1825
"../../../Engine/Plugins/FX/Niagara/Shaders/Private/NiagaraClearCounts.usf" 1826
"../../../Engine/Plugins/FX/Niagara/Shaders/Private/NiagaraBatchedElements.usf" 1827
"../../../Engine/Plugins/FX/Niagara/Shaders/Private/NiagaraRayTracingShaders.usf" 1828
"../../../Engine/Plugins/FX/Niagara/Shaders/Private/NiagaraAsyncGpuTraceCommon.ush" 1829
"../../../Engine/Shaders/Private/HashTable.ush" 1830
"../../../Engine/Shaders/Private/Hash.ush" 1831
"../../../Engine/Shaders/Private/RayTracing/VFXTraceRay.ush" 1832
"../../../Engine/Plugins/FX/Niagara/Shaders/Private/NiagaraRayMarchingShaders.usf" 1833
"../../../Engine/Plugins/FX/Niagara/Shaders/Private/NiagaraRayTraceCollisionGroupShaders.usf" 1834
"../../../Engine/Plugins/FX/Niagara/Shaders/Private/NiagaraAsyncGpuTraceUtils.usf" 1835
"../../../Engine/Plugins/FX/Niagara/Shaders/Private/NiagaraSortKeyGen.usf" 1836
"../../../Engine/Plugins/FX/Niagara/Shaders/Private/NiagaraGPURayTracingTransforms.usf" 1837
"../../../Engine/Plugins/FX/Niagara/Shaders/Private/NiagaraDrawIndirectArgsGen.usf" 1838
"../../../Engine/Plugins/FX/Niagara/Shaders/Private/NiagaraDispatchIndirectArgsGen.usf" 1839
"../../../Engine/Plugins/Enterprise/GLTFExporter/Shaders/Private/SimpleTexture2DPS.usf" 1840
"../../../Engine/Shaders/Private/SimpleElementNormalMapPixelShader.usf" 1841
"../../../Engine/Shaders/Private/SlateElementPixelShader.usf" 1842
"../../../Engine/Shaders/Private/SlateShaderCommon.ush" 1843
"../../../Engine/Shaders/Private/MaterialTemplate.ush" 1844
"../../../Engine/Shaders/Private/EyeAdaptationCommon.ush" 1845
"../../../Engine/Shaders/Private/SobolRandom.ush" 1846
"../../../Engine/Shaders/Private/DepthOfFieldCommon.ush" 1847
"../../../Engine/Shaders/Private/CircleDOFCommon.ush" 1848
"../../../Engine/Shaders/Private/PhysicsFieldSampler.ush" 1849
"../../../Engine/Shaders/Private/PhysicsFieldShared.ush" 1850
"../../../Engine/Shaders/Private/HairShadingCommon.ush" 1851
"../../../Engine/Shaders/Private/HairStrands/HairCardsAttributeCommon.ush" 1852
"../../../Engine/Shaders/Private/HairStrands/HairStrandsVertexFactoryCommon.ush" 1853
"../../../Engine/Shaders/Shared/HairStrandsDefinitions.h" 1854
"../../../Engine/Shaders/Private/HairStrands/HairStrandsAttributeCommon.ush" 1855
"../../../Engine/Shaders/Private/SpeedTreeCommon.ush" 1856
"../../../Engine/Shaders/Private/VirtualTextureCommon.ush" 1857
"../../../Engine/Shaders/Private/MaterialTexture.ush" 1858
"../../../Engine/Shaders/Private/MinMaterialTexCoords.ush" 1859
"../../../Engine/Shaders/Private/SkyAtmosphereCommon.ush" 1860
"../../../Engine/Shaders/Private/SingleLayerWaterCommon.ush" 1861
"../../../Engine/Shaders/Private/TextureSampling.ush" 1862
"../../../Engine/Shaders/Private/PaniniProjection.ush" 1863
"../../../Engine/Shaders/Private/DBufferNormalReprojection.ush" 1864
"../../../Engine/Shaders/Private/Strata/StrataTree.ush" 1865
"../../../Engine/Shaders/Private/Strata/StrataEvaluation.ush" 1866
"../../../Engine/Shaders/Private/SHCommon.ush" 1867
"../../../Engine/Shaders/Private/ShadingModels.ush" 1868
"../../../Engine/Shaders/Private/CapsuleLight.ush" 1869
"../../../Engine/Shaders/Private/RectLight.ush" 1870
"../../../Engine/Shaders/Private/LightData.ush" 1871
"../../../Engine/Shaders/Private/AreaLightCommon.ush" 1872
"../../../Engine/Shaders/Private/TransmissionCommon.ush" 1873
"../../../Engine/Shaders/Private/HairBsdf.ush" 1874
"../../../Engine/Shaders/Private/MobileGGX.ush" 1875
"../../../Engine/Shaders/Private/ShadingModelsSampling.ush" 1876
"../../../Engine/Shaders/Private/HairStrands/HairBsdfSample.ush" 1877
"../../../Engine/Shaders/Private/HairStrands/HairStrandsCommon.ush" 1878
"../../../Engine/Shaders/Private/HairStrands/HairStrandsDeepTransmittanceCommon.ush" 1879
"../../../Engine/Shaders/Private/HairStrands/HairStrandsDeepTransmittanceDualScattering.ush" 1880
"../../../Engine/Shaders/Private/HairStrands/HairStrandsEnvironmentLightingCommon.ush" 1881
"../../../Engine/Shaders/Private/Strata/StrataLegacyConversion.ush" 1882
"../../../Engine/Shaders/Private/DBufferDecalShared.ush" 1883
"../../../Engine/Shaders/Private/CompositeUIPixelShader.usf" 1884
"../../../Engine/Shaders/Private/TonemapCommon.ush" 1885
"../../../Engine/Shaders/Private/ACES.ush" 1886
"../../../Engine/Shaders/Private/ColorDeficiency.ush" 1887
"../../../Engine/Shaders/Private/SlateMaskingShader.usf" 1888
"../../../Engine/Shaders/Private/SlatePostProcessColorDeficiencyPixelShader.usf" 1889
"../../../Engine/Shaders/Private/SlatePostProcessPixelShader.usf" 1890
"../../../Engine/Shaders/Private/SlateVertexShader.usf" 1891
"../../../Engine/Shaders/Private/TranslucentLightingShaders.usf" 1892
"../../../Engine/Shaders/Private/ShadowProjectionCommon.ush" 1893
"../../../Engine/Shaders/Private/CubemapCommon.ush" 1894
"../../../Engine/Shaders/Private/VectorFieldCompositeShaders.usf" 1895
"../../../Engine/Shaders/Private/UpdateTextureShaders.usf" 1896
"../../../Engine/Shaders/Private/StereoLayerShader.usf" 1897
"../../../Engine/Shaders/Private/MorphTargets.usf" 1898
"../../../Engine/Shaders/Private/SimpleElementColorChannelMaskPixelShader.usf" 1899
"../../../Engine/Shaders/Private/SimpleElementHitProxyPixelShader.usf" 1900
"../../../Engine/Shaders/Private/SimpleElementPixelShader.usf" 1901
"../../../Engine/Shaders/Private/IESLightProfilesCommon.ush" 1902
"../../../Engine/Shaders/Private/SimpleElementVertexShader.usf" 1903
"../../../Engine/Shaders/Private/ScreenPixelShaderOES.usf" 1904
"../../../Engine/Shaders/Private/ScreenVertexShader.usf" 1905
"../../../Engine/Shaders/Private/ScreenPixelShader.usf" 1906
"../../../Engine/Shaders/Private/SSProfilePreIntegratedMobile.usf" 1907
"../../../Engine/Shaders/Private/Nanite/NaniteClusterCulling.usf" 1908
"../../../Engine/Shaders/Private/Nanite/NaniteCulling.ush" 1909
"../../../Engine/Shaders/Private/Nanite/NaniteHierarchyTraversalCommon.ush" 1910
"../../../Engine/Shaders/Private/Nanite/NaniteHierarchyTraversal.ush" 1911
"../../../Engine/Shaders/Private/WaveOpUtil.ush" 1912
"../../../Engine/Shaders/Private/VirtualShadowMaps/VirtualShadowMapPageOverlap.ush" 1913
"../../../Engine/Shaders/Private/Nanite/NaniteHZBCull.ush" 1914
"../../../Engine/Shaders/Private/VirtualShadowMaps/VirtualShadowMapPageAccessCommon.ush" 1915
"../../../Engine/Shaders/Shared/VirtualShadowMapDefinitions.h" 1916
"../../../Engine/Shaders/Private/VirtualShadowMaps/VirtualShadowMapStaticCaching.ush" 1917
"../../../Engine/Shaders/Private/Nanite/NaniteCullingCommon.ush" 1918
"../../../Engine/Shaders/Private/GPUMessaging.ush" 1919
"../../../Engine/Shaders/Private/Nanite/NaniteTranscode.usf" 1920
"../../../Engine/Shaders/Private/VolumetricLightmapStreaming.usf" 1921
"../../../Engine/Shaders/Private/PhysicsFieldReset.usf" 1922
"../../../Engine/Shaders/Private/PhysicsFieldBuilder.usf" 1923
"../../../Engine/Shaders/Private/PhysicsFieldEval.ush" 1924
"../../../Engine/Shaders/Private/ParticleSortKeyGen.usf" 1925
"../../../Engine/Shaders/Private/ParticleBoundsShader.usf" 1926
"../../../Engine/Shaders/Private/ParticleSimVisualizeShader.usf" 1927
"../../../Engine/Shaders/Private/ParticleInjectionShader.usf" 1928
"../../../Engine/Shaders/Private/ParticleSimulationShader.usf" 1929
"../../../Engine/Shaders/Private/ParticleCurveInjectionShader.usf" 1930
"../../../Engine/Shaders/Private/CopyUIntBuffer.usf" 1931
"../../../Engine/Shaders/Private/RadixSortShaders.usf" 1932
"../../../Engine/Shaders/Private/RecomputeTangentsPerVertexPass.usf" 1933
"../../../Engine/Shaders/Private/RecomputeTangentsCommon.ush" 1934
"../../../Engine/Shaders/Private/RecomputeTangentsPerTrianglePass.usf" 1935
"../../../Engine/Shaders/Private/GpuSkinCacheComputeShader.usf" 1936
"../../../Engine/Shaders/Private/HeightFieldAtlasManagement.usf" 1937
"../../../Engine/Shaders/Private/LandscapePhysicalMaterial.usf" 1938
"../../../Engine/Shaders/Private/LandscapeGrassWeight.usf" 1939
"../../../Engine/Shaders/Private/Landscape/LandscapeLayersWeightmapsPS.usf" 1940
"../../../Engine/Shaders/Private/Landscape/LandscapeLayersHeightmapsPS.usf" 1941
"../../../Engine/Shaders/Private/Landscape/LandscapeCommon.ush" 1942
"../../../Engine/Shaders/Private/LandscapeLayersCS.usf" 1943
"../../../Engine/Shaders/Private/LandscapeLayersPS.usf" 1944
"../../../Engine/Shaders/Private/LandscapeLayersVS.usf" 1945
"../../../Engine/Shaders/Private/Landscape/LandscapeMergeHeightmapsPS.usf" 1946
"../../../Engine/Shaders/Private/WideCustomResolveShaders.usf" 1947
"../../../Engine/Shaders/Private/WideCustomResolve_Wide.ush" 1948
"../../../Engine/Shaders/Private/WideCustomResolve_Wider.ush" 1949
"../../../Engine/Shaders/Private/WideCustomResolve_Widest.ush" 1950
"../../../Engine/Shaders/Private/PageTableUpdate.usf" 1951
"../../../Engine/Shaders/Private/VirtualTextureCompress.usf" 1952
"../../../Engine/Shaders/Private/BlockCompressionCommon.ush" 1953
"../../../Engine/Shaders/Private/BCCompressionCommon.ush" 1954
"../../../Engine/Shaders/Private/ETCCompressionCommon.ush" 1955
"../../../Engine/Shaders/Private/VirtualTextureMaterial.usf" 1956
"../../../Engine/Shaders/Private/PixelShaderOutputCommon.ush" 1957
"../../../Engine/Shaders/Private/ShaderOutputCommon.ush" 1958
"../../../Engine/Shaders/Private/VolumetricRenderTarget.usf" 1959
"../../../Engine/Shaders/Private/VolumetricFogVoxelization.usf" 1960
"../../../Engine/Shaders/Private/VolumetricCloudMaterialPixelCommon.ush" 1961
"../../../Engine/Shaders/Private/VolumetricFogLightFunction.usf" 1962
"../../../Engine/Shaders/Private/LightFunctionCommon.ush" 1963
"../../../Engine/Shaders/Private/VolumetricFog.usf" 1964
"../../../Engine/Shaders/Private/DeferredLightingCommon.ush" 1965
"../../../Engine/Shaders/Private/DynamicLightingCommon.ush" 1966
"../../../Engine/Shaders/Private/CapsuleLightIntegrate.ush" 1967
"../../../Engine/Shaders/Private/CapsuleLightSampling.ush" 1968
"../../../Engine/Shaders/Private/RectLightIntegrate.ush" 1969
"../../../Engine/Shaders/Private/LightGridCommon.ush" 1970
"../../../Engine/Shaders/Private/HeightFogCommon.ush" 1971
"../../../Engine/Shaders/Private/DistanceFieldAOShared.ush" 1972
"../../../Engine/Shaders/Private/VolumeLightingCommon.ush" 1973
"../../../Engine/Shaders/Private/ShadowFilteringCommon.ush" 1974
"../../../Engine/Shaders/Private/PixelQuadMessagePassing.ush" 1975
"../../../Engine/Shaders/Private/VolumeLightingCommonSampling.ush" 1976
"../../../Engine/Shaders/Private/VolumetricLightmapShared.ush" 1977
"../../../Engine/Shaders/Private/ForwardShadowingCommon.ush" 1978
"../../../Engine/Shaders/Private/LightDataUniforms.ush" 1979
"../../../Engine/Shaders/Private/Lumen/LumenTranslucencyVolumeShared.ush" 1980
"../../../Engine/Shaders/Private/Lumen/LumenRadianceCacheInterpolation.ush" 1981
"../../../Engine/Shaders/Private/VirtualShadowMaps/VirtualShadowMapProjectionCommon.ush" 1982
"../../../Engine/Shaders/Private/VirtualShadowMaps/VirtualShadowMapProjectionStructs.ush" 1983
"../../../Engine/Shaders/Private/VolumetricCloudCommon.ush" 1984
"../../../Engine/Shaders/Private/VolumetricCloud.usf" 1985
"../../../Engine/Shaders/Private/ColorMap.ush" 1986
"../../../Engine/Shaders/Private/ShaderPrint.ush" 1987
"../../../Engine/Shaders/Private/ShaderPrintCommon.ush" 1988
"../../../Engine/Shaders/Private/MiniFontCommon.ush" 1989
"../../../Engine/Shaders/Private/ReflectionEnvironmentShared.ush" 1990
"../../../Engine/Shaders/Private/BlueNoise.ush" 1991
"../../../Engine/Shaders/Private/VisualizeVolumetricLightmap.usf" 1992
"../../../Engine/Shaders/Private/VirtualShadowMaps/VirtualShadowMapProjectionComposite.usf" 1993
"../../../Engine/Shaders/Private/LightShaderParameters.ush" 1994
"../../../Engine/Shaders/Private/VirtualShadowMaps/VirtualShadowMapMaskBitsCommon.ush" 1995
"../../../Engine/Shaders/Private/VirtualShadowMaps/VirtualShadowMapProjection.usf" 1996
"../../../Engine/Shaders/Private/HairStrands/HairStrandsVisibilityCommon.ush" 1997
"../../../Engine/Shaders/Private/Visualization.ush" 1998
"../../../Engine/Shaders/Private/VirtualShadowMaps/VirtualShadowMapProjectionFilter.ush" 1999
"../../../Engine/Shaders/Private/VirtualShadowMaps/VirtualShadowMapProjectionDirectional.ush" 2000
"../../../Engine/Shaders/Private/PathTracing/Utilities/PathTracingRandomSequence.ush" 2001
"../../../Engine/Shaders/Private/VirtualShadowMaps/VirtualShadowMapSMRTCommon.ush" 2002
"../../../Engine/Shaders/Private/VirtualShadowMaps/VirtualShadowMapSMRTTemplate.ush" 2003
"../../../Engine/Shaders/Private/VirtualShadowMaps/VirtualShadowMapProjectionSpot.ush" 2004
"../../../Engine/Shaders/Private/VirtualShadowMaps/VirtualShadowMapTransmissionCommon.ush" 2005
"../../../Engine/Shaders/Private/HairStrands/HairStrandsVoxelPageCommon.ush" 2006
"../../../Engine/Shaders/Private/HairStrands/HairStrandsVoxelPageTraversal.ush" 2007
"../../../Engine/Shaders/Private/VirtualShadowMaps/VirtualShadowMapCacheManagement.usf" 2008
"../../../Engine/Shaders/Private/VirtualShadowMaps/VirtualShadowMapPageCacheCommon.ush" 2009
"../../../Engine/Shaders/Private/ScreenSpaceDenoise/SSDDefinitions.ush" 2010
"../../../Engine/Shaders/Private/InstanceCulling/InstanceCullingLoadBalancer.ush" 2011
"../../../Engine/Shaders/Private/VirtualShadowMaps/VirtualShadowMapCopyStats.usf" 2012
"../../../Engine/Shaders/Private/VirtualShadowMaps/VirtualShadowMapPageManagement.usf" 2013
"../../../Engine/Shaders/Shared/SingleLayerWaterDefinitions.h" 2014
"../../../Engine/Shaders/Private/HairStrands/HairStrandsTileCommon.ush" 2015
"../../../Engine/Shaders/Private/ReductionCommon.ush" 2016
"../../../Engine/Shaders/Private/VirtualShadowMaps/VirtualShadowMapStats.ush" 2017
"../../../Engine/Shaders/Private/VirtualShadowMaps/VirtualShadowMapBuildPerPageDrawCommands.usf" 2018
"../../../Engine/Shaders/Private/InstanceCulling/InstanceCullingCommon.ush" 2019
"../../../Engine/Shaders/Private/VirtualShadowMaps/VirtualShadowMapPrintStats.usf" 2020
"../../../Engine/Shaders/Private/VirtualShadowMaps/VirtualShadowMapDebug.usf" 2021
"../../../Engine/Shaders/Private/VelocityShader.usf" 2022
"../../../Engine/Shaders/Private/VelocityCommon.ush" 2023
"../../../Engine/Shaders/Private/VariableRateShading/VRSShadingRatePreview.usf" 2024
"../../../Engine/Shaders/Private/VariableRateShading/VRSShadingRateCommon.ush" 2025
"../../../Engine/Shaders/Private/VariableRateShading/VRSShadingRateCombine.usf" 2026
"../../../Engine/Shaders/Private/VariableRateShading/FixedFoveationVariableRateShading.usf" 2027
"../../../Engine/Shaders/Private/VariableRateShading/VRSShadingRateReproject.usf" 2028
"../../../Engine/Shaders/Private/VariableRateShading/VRSShadingRateCalculate.usf" 2029
"../../../Engine/Shaders/Private/TranslucencyUpsampling.usf" 2030
"../../../Engine/Shaders/Private/ScreenPass.ush" 2031
"../../../Engine/Shaders/Private/ComposeSeparateTranslucency.usf" 2032
"../../../Engine/Shaders/Private/SeparateTranslucency.ush" 2033
"../../../Engine/Shaders/Private/TranslucentLightInjectionShaders.usf" 2034
"../../../Engine/Shaders/Private/TranslucentShadowDepthShaders.usf" 2035
"../../../Engine/Shaders/Private/ShadowDepthCommon.ush" 2036
"../../../Engine/Shaders/Private/RayTracing/RayTracingTest.usf" 2037
"../../../Engine/Shaders/Private/PostProcessSubsurfaceTile.usf" 2038
"../../../Engine/Shaders/Private/Strata/StrataVisualize.usf" 2039
"../../../Engine/Shaders/Private/Strata/StrataTile.ush" 2040
"../../../Engine/Shaders/Private/SkyLightingDiffuseShared.ush" 2041
"../../../Engine/Shaders/Private/SkyLightingShared.ush" 2042
"../../../Engine/Shaders/Private/ClearCoatCommon.ush" 2043
"../../../Engine/Shaders/Private/ReflectionEnvironmentComposite.ush" 2044
"../../../Engine/Shaders/Private/Strata/StrataLightingCommon.ush" 2045
"../../../Engine/Shaders/Private/Strata/StrataRoughRefraction.usf" 2046
"../../../Engine/Shaders/Private/PathTracing/Material/PathTracingFresnel.ush" 2047
"../../../Engine/Shaders/Private/PathTracing/Material/PathTracingGlossy.ush" 2048
"../../../Engine/Shaders/Private/Strata/StrataTile.usf" 2049
"../../../Engine/Shaders/Private/Strata/StrataMaterialClassification.usf" 2050
"../../../Engine/Shaders/Private/Strata/StrataDBuffer.usf" 2051
"../../../Engine/Shaders/Private/SparseVolumeTexture/VisualizeSparseVolumeTexture.usf" 2052
"../../../Engine/Shaders/Private/SkyAtmosphere.usf" 2053
"../../../Engine/Shaders/Private/CopyDepthTexture.usf" 2054
"../../../Engine/Shaders/Private/SingleLayerWaterComposite.usf" 2055
"../../../Engine/Shaders/Private/ShadowProjectionVertexShader.usf" 2056
"../../../Engine/Shaders/Private/ShadowProjectionPixelShader.usf" 2057
"../../../Engine/Shaders/Private/ShadowPercentageCloserFiltering.ush" 2058
"../../../Engine/Shaders/Private/TransmissionThickness.ush" 2059
"../../../Engine/Shaders/Private/CopyShadowMaps.usf" 2060
"../../../Engine/Shaders/Private/ShadowDepthPixelShader.usf" 2061
"../../../Engine/Shaders/Private/ShadowDepthVertexShader.usf" 2062
"../../../Engine/Shaders/Private/ShadingEnergyConservationTable.usf" 2063
"../../../Engine/Shaders/Shared/PathTracingDefinitions.h" 2064
"../../../Engine/Shaders/Private/ShadingFurnaceTest.usf" 2065
"../../../Engine/Shaders/Private/Strata/StrataDeferredLighting.ush" 2066
"../../../Engine/Shaders/Private/ShaderPrintDraw.usf" 2067
"../../../Engine/Shaders/Private/ShaderPrintDrawPrimitive.usf" 2068
"../../../Engine/Shaders/Private/SSRT/SSRTDiffuseIndirect.usf" 2069
"../../../Engine/Shaders/Private/SSRT/SSRTRayCast.ush" 2070
"../../../Engine/Shaders/Private/SSRT/SSRTTileClassificationBuffer.ush" 2071
"../../../Engine/Shaders/Private/SSRT/SSRTReflections.usf" 2072
"../../../Engine/Shaders/Private/ScreenSpaceDenoise/SSDPublic.ush" 2073
"../../../Engine/Shaders/Private/SSRT/SSRTTileClassification.usf" 2074
"../../../Engine/Shaders/Private/SSRT/SSRTPrevFrameReduction.usf" 2075
"../../../Engine/Shaders/Private/ScreenSpaceDenoise/SSDComposeHarmonics.usf" 2076
"../../../Engine/Shaders/Private/ScreenSpaceDenoise/SSDPublicHarmonics.ush" 2077
"../../../Engine/Shaders/Private/ScreenSpaceDenoise/SSDSignalFramework.ush" 2078
"../../../Engine/Shaders/Private/ScreenSpaceDenoise/SSDCommon.ush" 2079
"../../../Engine/Shaders/Private/SphericalGaussian.ush" 2080
"../../../Engine/Shaders/Public/WaveBroadcastIntrinsics.ush" 2081
"../../../Engine/Shaders/Private/ScreenSpaceDenoise/SSDMetadata.ush" 2082
"../../../Engine/Shaders/Private/ScreenSpaceDenoise/SSDSignalCore.ush" 2083
"../../../Engine/Shaders/Private/ScreenSpaceDenoise/DenoisingCommon.ush" 2084
"../../../Engine/Shaders/Private/ScreenSpaceDenoise/SSDSignalArray.ush" 2085
"../../../Engine/Shaders/Private/ScreenSpaceDenoise/SSDSignalBufferEncoding.ush" 2086
"../../../Engine/Shaders/Private/ScreenSpaceDenoise/SSDPublicBufferEncoding.ush" 2087
"../../../Engine/Shaders/Private/Lumen/LumenBufferEncoding.ush" 2088
"../../../Engine/Shaders/Private/ScreenSpaceDenoise/SSDTemporalAccumulation.usf" 2089
"../../../Engine/Shaders/Private/ScreenSpaceDenoise/SSDSpatialKernel.ush" 2090
"../../../Engine/Shaders/Private/ScreenSpaceDenoise/SSDSignalAccumulatorArray.ush" 2091
"../../../Engine/Shaders/Private/ScreenSpaceDenoise/SSDSignalAccumulator.ush" 2092
"../../../Engine/Shaders/Private/ScreenSpaceDenoise/SSDSignalCompression.ush" 2093
"../../../Engine/Shaders/Private/ScreenSpaceDenoise/SSDSpatialAccumulation.usf" 2094
"../../../Engine/Shaders/Private/ScreenSpaceDenoise/SSDInjest.usf" 2095
"../../../Engine/Shaders/Private/ScreenSpaceDenoise/SSDCompressMetadata.usf" 2096
"../../../Engine/Shaders/Private/DownsampleDepthPixelShader.usf" 2097
"../../../Engine/Shaders/Private/ScreenPass.usf" 2098
"../../../Engine/Shaders/Private/HZB.usf" 2099
"../../../Engine/Shaders/Private/OcclusionFeedbackShaders.usf" 2100
"../../../Engine/Shaders/Private/HZBOcclusion.usf" 2101
"../../../Engine/Shaders/Private/OcclusionQueryPixelShader.usf" 2102
"../../../Engine/Shaders/Private/OcclusionQueryVertexShader.usf" 2103
"../../../Engine/Shaders/Private/HitProxyPixelShader.usf" 2104
"../../../Engine/Shaders/Private/HitProxyVertexShader.usf" 2105
"../../../Engine/Shaders/Private/SceneCapturePixelShader.usf" 2106
"../../../Engine/Shaders/Private/RTWriteMaskDecode.usf" 2107
"../../../Engine/Shaders/Private/ReflectionEnvironmentShaders.usf" 2108
"../../../Engine/Shaders/Private/RectLightAtlas.usf" 2109
"../../../Engine/Shaders/Private/RayTracing/TraceRayInlineStatistics.usf" 2110
"../../../Engine/Shaders/Private/RayTracing/TraceRayInlineCommon.ush" 2111
"../../../Engine/Shaders/Private/RayTracing/VisualizeSkyLightMipTreePS.usf" 2112
"../../../Engine/Shaders/Private/RayTracing/MipTreeCommon.ush" 2113
"../../../Engine/Shaders/Private/RayTracing/CompositeSkyLightPS.usf" 2114
"../../../Engine/Shaders/Private/RayTracing/GenerateSkyLightVisibilityRaysCS.usf" 2115
"../../../Engine/Shaders/Private/RayTracing/RayTracingSkyLightCommon.ush" 2116
"../../../Engine/Shaders/Private/RayTracing/SkyLightVisibilityRaysData.ush" 2117
"../../../Engine/Shaders/Private/Raytracing/RaytracingSkylightRGS.usf" 2118
"../../../Engine/Shaders/Private/HairStrands/HairStrandsRaytracing.ush" 2119
"../../../Engine/Shaders/Private/Raytracing/RayTracingSkyLightEvaluation.ush" 2120
"../../../Engine/Shaders/Private/Raytracing/RayTracingDeferredShadingCommon.ush" 2121
"../../../Engine/Shaders/Private/RayTracing/RayTracingOcclusionRGS.usf" 2122
"../../../Engine/Shaders/Private/RayTracing/RayTracingDirectionalLight.ush" 2123
"../../../Engine/Shaders/Private/RayTracing/RayTracingRectLight.ush" 2124
"../../../Engine/Shaders/Private/RayTracing/RayTracingSphereLight.ush" 2125
"../../../Engine/Shaders/Private/RayTracing/RayTracingCapsuleLight.ush" 2126
"../../../Engine/Shaders/Private/RayTracing/SplitImaginaryReflectionGBufferCS.usf" 2127
"../../../Engine/Shaders/Private/RayTracing/RayTracingReflectionsCommon.ush" 2128
"../../../Engine/Shaders/Private/RayTracing/RayTracingReflections.usf" 2129
"../../../Engine/Shaders/Private/RayTracing/RayTracingLightingCommon.ush" 2130
"../../../Engine/Shaders/Private/RayTracing/RayTracingLightCullingCommon.ush" 2131
"../../../Engine/Shaders/Private/RayTracing/RayTracingReflectionEnvironment.ush" 2132
"../../../Engine/Shaders/Private/RayTracing/RayTracingPrimaryRays.usf" 2133
"../../../Engine/Shaders/Private/RayTracing/RayTracingMaterialDefaultHitShaders.usf" 2134
"../../../Engine/Shaders/Private/RayTracing/RayTracingMaterialHitShaders.usf" 2135
"../../../Engine/Shaders/Private/RayTracing/RayTracingCalcInterpolants.ush" 2136
"../../../Engine/Shaders/Private/LightmapCommon.ush" 2137
"../../../Engine/Shaders/Private/Lumen/LumenHardwareRayTracingPayloadCommon.ush" 2138
"../../../Engine/Shaders/Private/Strata/StrataExport.ush" 2139
"../../../Engine/Shaders/Private/RayTracing/RayTracingLightingMS.usf" 2140
"../../../Engine/Shaders/Private/RayTracing/RayTracingLightFunctionCommon.ush" 2141
"../../../Engine/Shaders/Private/RayTracing/GenerateCulledLightListCS.usf" 2142
"../../../Engine/Shaders/Private/Raytracing/RayTracingInstanceBufferUtil.usf" 2143
"../../../Engine/Shaders/Private/RayTracing/RayTracingFinalGatherRGS.usf" 2144
"../../../Engine/Shaders/Private/RayTracing/RayTracingGatherPoints.ush" 2145
"../../../Engine/Shaders/Private/PathTracing/Light/PathTracingLightSampling.ush" 2146
"../../../Engine/Shaders/Private/PathTracing/Light/PathTracingLightCommon.ush" 2147
"../../../Engine/Shaders/Shared/RayTracingTypes.h" 2148
"../../../Engine/Shaders/Private/PathTracing/Light/PathTracingDirectionalLight.ush" 2149
"../../../Engine/Shaders/Private/PathTracing/Light/PathTracingPointLight.ush" 2150
"../../../Engine/Shaders/Private/PathTracing/Light/PathTracingCapsuleLight.ush" 2151
"../../../Engine/Shaders/Private/PathTracing/Light/PathTracingRectLight.ush" 2152
"../../../Engine/Shaders/Private/PathTracing/Light/PathTracingSkyLight.ush" 2153
"../../../Engine/Shaders/Private/PathTracing/Light/PathTracingSpotLight.ush" 2154
"../../../Engine/Shaders/Private/RayTracing/RayTracingCreateGatherPointsRGS.usf" 2155
"../../../Engine/Shaders/Private/RayTracing/RayTracingGlobalIlluminationRGS.usf" 2156
"../../../Engine/Shaders/Private/RayTracing/RayTracingDynamicMesh.usf" 2157
"../../../Engine/Shaders/Private/RayTracing/RayTracingDeferredReflections.usf" 2158
"../../../Engine/Shaders/Private/RayTracing/RayTracingDeferredMaterials.ush" 2159
"../../../Engine/Shaders/Shared/ThirdParty/AMD/ags_shader_intrinsics_dx12.h" 2160
"../../../Engine/Shaders/Private/RayTracing/RayTracingDeferredReflections.ush" 2161
"../../../Engine/Shaders/Private/RayTracing/RayTracingReflectionResolve.usf" 2162
"../../../Engine/Shaders/Private/RayTracing/RayTracingReflectionsGenerateRaysCS.usf" 2163
"../../../Engine/Shaders/Private/RayTracing/MaterialSort.usf" 2164
"../../../Engine/Shaders/Private/RayTracing/RayTracingDeferredMaterials.usf" 2165
"../../../Engine/Shaders/Private/RayTracing/RayTracingDefaultDecalHitShader.usf" 2166
"../../../Engine/Shaders/Private/RayTracing/RayTracingDecalMaterialShader.usf" 2167
"../../../Engine/Shaders/Private/RayTracing/RayTracingBuildDecalGrid.usf" 2168
"../../../Engine/Shaders/Private/RayTracing/RayTracingDebugInstanceOverlap.usf" 2169
"../../../Engine/Shaders/Private/RayTracing/RayTracingDebugPicking.usf" 2170
"../../../Engine/Shaders/Private/RayTracing/RayTracingDebugUtils.ush" 2171
"../../../Engine/Shaders/Shared/RayTracingDebugTypes.h" 2172
"../../../Engine/Shaders/Private/RayTracing/RayTracingDebugTraversal.usf" 2173
"../../../Engine/Shaders/Private/Nanite/NaniteRayTrace.ush" 2174
"../../../Engine/Shaders/Shared/ThirdParty/RayTriangleIntersection.h" 2175
"../../../Engine/Shaders/Shared/RayTracingDebugDefinitions.h" 2176
"../../../Engine/Shaders/Private/RayTracing/TraceRayInline.ush" 2177
"../../../Engine/Shaders/Private/RayTracing/TraceRayInlineVulkan.ush" 2178
"../../../Engine/Shaders/Private/RayTracing/TraceRayInlineMetal.ush" 2179
"../../../Engine/Shaders/Private/RayTracing/RayTracingDebugMS.usf" 2180
"../../../Engine/Shaders/Private/RayTracing/RayTracingDebugCHS.usf" 2181
"../../../Engine/Shaders/Private/RayTracing/RayTracingDebug.usf" 2182
"../../../Engine/Shaders/Private/RayTracing/RayTracingBuiltInShaders.usf" 2183
"../../../Engine/Shaders/Private/RayTracing/RayTracingBarycentrics.usf" 2184
"../../../Engine/Shaders/Private/RayTracing/RayTracingAmbientOcclusionRGS.usf" 2185
"../../../Engine/Shaders/Private/VisualizeShadingModels.usf" 2186
"../../../Engine/Shaders/Private/PostProcessCommon.ush" 2187
"../../../Engine/Shaders/Private/MotionBlur/VisualizeMotionVectors.usf" 2188
"../../../Engine/Shaders/Private/TemporalSuperResolution/TSRDebugHistory.usf" 2189
"../../../Engine/Shaders/Private/TemporalSuperResolution/TSRCommon.ush" 2190
"../../../Engine/Shaders/Public/DualPixelVectorization.ush" 2191
"../../../Engine/Shaders/Private/TemporalSuperResolution/TSRResolveHistory.usf" 2192
"../../../Engine/Shaders/Private/TemporalSuperResolution/TSRUpdateHistory.usf" 2193
"../../../Engine/Shaders/Private/TemporalSuperResolution/TSRFilterAntiAliasing.usf" 2194
"../../../Engine/Shaders/Private/TemporalSuperResolution/TSRSpatialAntiAliasing.usf" 2195
"../../../Engine/Shaders/Private/TemporalSuperResolution/TSRRejectShading.usf" 2196
"../../../Engine/Shaders/Public/LaneVectorization.ush" 2197
"../../../Engine/Shaders/Private/TemporalSuperResolution/TSRCompareTranslucency.usf" 2198
"../../../Engine/Shaders/Private/TemporalSuperResolution/TSRDecimateHistory.usf" 2199
"../../../Engine/Shaders/Private/TemporalSuperResolution/TSRDilateVelocity.usf" 2200
"../../../Engine/Shaders/Private/MotionBlur/MotionBlurVelocityFlatten.ush" 2201
"../../../Engine/Shaders/Private/MotionBlur/MotionBlurCommon.ush" 2202
"../../../Engine/Shaders/Private/TemporalSuperResolution/TSRForwardScatterDepth.usf" 2203
"../../../Engine/Shaders/Private/TemporalSuperResolution/TSRClearPrevTextures.usf" 2204
"../../../Engine/Shaders/Private/TemporalSuperResolution/TSRComputeMoireLuma.usf" 2205
"../../../Engine/Shaders/Private/TemporalAA.usf" 2206
"../../../Engine/Shaders/Private/FilterPixelShader.usf" 2207
"../../../Engine/Shaders/Private/FilterVertexShader.usf" 2208
"../../../Engine/Shaders/Private/PostProcessVisualizeBuffer.usf" 2209
"../../../Engine/Shaders/Private/PostProcessVisualizeLocalExposure.usf" 2210
"../../../Engine/Shaders/Private/PostProcessHistogramCommon.ush" 2211
"../../../Engine/Shaders/Private/PostProcessVisualizeLevelInstance.usf" 2212
"../../../Engine/Shaders/Private/PostProcessVisualizeHDR.usf" 2213
"../../../Engine/Shaders/Private/ShaderComplexityApplyPixelShader.usf" 2214
"../../../Engine/Shaders/Private/QuadOverdraw.ush" 2215
"../../../Engine/Shaders/Private/PostProcessUpscale.usf" 2216
"../../../Engine/Shaders/Private/PostProcessTonemap.usf" 2217
"../../../Engine/Shaders/Private/PostProcessing/FilmGrainPackConstants.usf" 2218
"../../../Engine/Shaders/Private/PostProcessing/FilmGrainReduce.usf" 2219
"../../../Engine/Shaders/Private/PostProcessTestImage.usf" 2220
"../../../Engine/Shaders/Private/PostProcessSubsurface.usf" 2221
"../../../Engine/Shaders/Private/SeparableSSS.ush" 2222
"../../../Engine/Shaders/Private/SubsurfaceBurleyNormalized.ush" 2223
"../../../Engine/Shaders/Private/PostProcessSelectionOutline.usf" 2224
"../../../Engine/Shaders/Private/PostProcessPixelProjectedReflectionMobile.usf" 2225
"../../../Engine/Shaders/Private/MotionBlur/MotionBlurVisualize.usf" 2226
"../../../Engine/Shaders/Private/MotionBlur/MotionBlurApply.usf" 2227
"../../../Engine/Shaders/Private/MotionBlur/MotionBlurFilterTileClassify.usf" 2228
"../../../Engine/Shaders/Private/MotionBlur/MotionBlurTileScatter.usf" 2229
"../../../Engine/Shaders/Private/MotionBlur/MotionBlurTileGather.usf" 2230
"../../../Engine/Shaders/Private/MotionBlur/MotionBlurVelocityFlatten.usf" 2231
"../../../Engine/Shaders/Private/PostProcessMobile.usf" 2232
"../../../Engine/Shaders/Private/PostProcessMitchellNetravali.usf" 2233
"../../../Engine/Shaders/Private/PostProcessMaterialShaders.usf" 2234
"../../../Engine/Shaders/Private/PostProcessLocalExposure.usf" 2235
"../../../Engine/Shaders/Private/PostProcessLensFlares.usf" 2236
"../../../Engine/Shaders/Private/PostProcessHMD.usf" 2237
"../../../Engine/Shaders/Private/Histogram.usf" 2238
"../../../Engine/Shaders/Private/PostProcessHistogramReduce.usf" 2239
"../../../Engine/Shaders/Private/PostProcessHistogram.usf" 2240
"../../../Engine/Shaders/Private/PostProcessGBufferHints.usf" 2241
"../../../Engine/Shaders/Private/Bloom/BloomFinalizeApplyConstants.usf" 2242
"../../../Engine/Shaders/Private/Bloom/BloomCommon.ush" 2243
"../../../Engine/Shaders/Private/Bloom/BloomResizeKernel.usf" 2244
"../../../Engine/Shaders/Private/Bloom/BloomClampKernel.usf" 2245
"../../../Engine/Shaders/Private/Bloom/BloomPackKernelConstants.usf" 2246
"../../../Engine/Shaders/Private/Bloom/BloomSumScatterDispersionEnergy.usf" 2247
"../../../Engine/Shaders/Private/Bloom/BloomReduceKernelSurvey.usf" 2248
"../../../Engine/Shaders/Private/Bloom/BloomSurveyKernelCenterEnergy.usf" 2249
"../../../Engine/Shaders/Private/Bloom/BloomSurveyMaxScatterDispersion.usf" 2250
"../../../Engine/Shaders/Private/Bloom/BloomFindKernelCenter.usf" 2251
"../../../Engine/Shaders/Private/PostProcessEyeAdaptation.usf" 2252
"../../../Engine/Shaders/Private/PostProcessDownsample.usf" 2253
"../../../Engine/Shaders/Private/PostProcessDOF.usf" 2254
"../../../Engine/Shaders/Private/PostProcessDeviceEncodingOnly.usf" 2255
"../../../Engine/Shaders/Private/PostProcessCompositeEditorPrimitives.usf" 2256
"../../../Engine/Shaders/Private/PostProcessCombineLUTs.usf" 2257
"../../../Engine/Shaders/Private/PostProcessVisualizeDOF.usf" 2258
"../../../Engine/Shaders/Private/PostProcessBloom.usf" 2259
"../../../Engine/Shaders/Private/PostProcessAmbientOcclusionMobile.usf" 2260
"../../../Engine/Shaders/Private/PostProcessAmbientOcclusionCommon.ush" 2261
"../../../Engine/Shaders/Private/FXAAShader.usf" 2262
"../../../Engine/Shaders/Private/Fxaa3_11.ush" 2263
"../../../Engine/Shaders/Private/DiaphragmDOF/DOFRecombine.usf" 2264
"../../../Engine/Shaders/Private/DiaphragmDOF/DOFCommon.ush" 2265
"../../../Engine/Shaders/Private/DiaphragmDOF/DOFHybridScatterPixelShader.usf" 2266
"../../../Engine/Shaders/Private/DiaphragmDOF/DOFHybridScatterCommon.ush" 2267
"../../../Engine/Shaders/Private/DiaphragmDOF/DOFHybridScatterVertexShader.usf" 2268
"../../../Engine/Shaders/Private/DiaphragmDOF/DOFPostfiltering.usf" 2269
"../../../Engine/Shaders/Private/DiaphragmDOF/DOFGatherTileSuggest.ush" 2270
"../../../Engine/Shaders/Private/DiaphragmDOF/DOFCocTileCommon.ush" 2271
"../../../Engine/Shaders/Private/DiaphragmDOF/DOFGatherPass.usf" 2272
"../../../Engine/Shaders/Private/DiaphragmDOF/DOFGatherCommon.ush" 2273
"../../../Engine/Shaders/Private/DiaphragmDOF/DOFGatherAccumulator.ush" 2274
"../../../Engine/Shaders/Private/DiaphragmDOF/DOFGatherKernel.ush" 2275
"../../../Engine/Shaders/Private/DiaphragmDOF/DOFBokehLUT.usf" 2276
"../../../Engine/Shaders/Private/DiaphragmDOF/DOFHybridScatterCompilation.usf" 2277
"../../../Engine/Shaders/Private/DiaphragmDOF/DOFReduce.usf" 2278
"../../../Engine/Shaders/Private/DiaphragmDOF/DOFDownsample.ush" 2279
"../../../Engine/Shaders/Private/DiaphragmDOF/DOFHybridScatterCompilation.ush" 2280
"../../../Engine/Shaders/Private/DiaphragmDOF/DOFDownsample.usf" 2281
"../../../Engine/Shaders/Private/DiaphragmDOF/DOFCocTileDilate.usf" 2282
"../../../Engine/Shaders/Private/DiaphragmDOF/DOFCocTileFlatten.usf" 2283
"../../../Engine/Shaders/Private/DiaphragmDOF/DOFSetup.usf" 2284
"../../../Engine/Shaders/Private/PlanarReflectionShaders.usf" 2285
"../../../Engine/Shaders/Private/PlanarReflectionShared.ush" 2286
"../../../Engine/Shaders/Private/PhysicsFieldVisualizer.usf" 2287
"../../../Engine/Shaders/Private/PathTracing/PathTracingSpatialTemporalDenoising.usf" 2288
"../../../Engine/Shaders/Private/ColorDifference.ush" 2289
"../../../Engine/Shaders/Private/PathTracing/PathTracingCompositingPixelShader.usf" 2290
"../../../Engine/Shaders/Private/PathTracing/PathTracingDefaultHitShader.usf" 2291
"../../../Engine/Shaders/Private/PathTracing/PathTracingCommon.ush" 2292
"../../../Engine/Shaders/Private/PathTracing/Material/PathTracingMaterialCommon.ush" 2293
"../../../Engine/Shaders/Private/PathTracing/PathTracingMaterialHitShader.usf" 2294
"../../../Engine/Shaders/Private/PathTracing/PathTracingShaderUtils.ush" 2295
"../../../Engine/Shaders/Private/PathTracing/Material/PathTracingThinGlass.ush" 2296
"../../../Engine/Shaders/Private/PathTracing/Material/PathTracingEnergyConservation.ush" 2297
"../../../Engine/Shaders/Private/PathTracing/PathTracingLightingMissShader.usf" 2298
"../../../Engine/Shaders/Private/PathTracing/PathTracingMissShader.usf" 2299
"../../../Engine/Shaders/Private/PathTracing/PathTracingBuildAtmosphereLUT.usf" 2300
"../../../Engine/Shaders/Private/PathTracing/Volume/PathTracingAtmosphereCommon.ush" 2301
"../../../Engine/Shaders/Private/PathTracing/PathTracingSwizzleScanlines.usf" 2302
"../../../Engine/Shaders/Private/PathTracing/PathTracingInitExtinctionCoefficient.usf" 2303
"../../../Engine/Shaders/Private/PathTracing/PathTracing.usf" 2304
"../../../Engine/Shaders/Private/PathTracing/PathTracingCore.ush" 2305
"../../../Engine/Shaders/Private/RayTracing/RayTracingDecalGrid.ush" 2306
"../../../Engine/Shaders/Private/PathTracing/Utilities/PathTracingRIS.ush" 2307
"../../../Engine/Shaders/Private/PathTracing/Light/PathTracingLightGrid.ush" 2308
"../../../Engine/Shaders/Private/PathTracing/Material/PathTracingMaterialSampling.ush" 2309
"../../../Engine/Shaders/Private/PathTracing/Material/PathTracingLambert.ush" 2310
"../../../Engine/Shaders/Private/PathTracing/Material/PathTracingSolidGlass.ush" 2311
"../../../Engine/Shaders/Private/PathTracing/Material/PathTracingDefaultLit.ush" 2312
"../../../Engine/Shaders/Private/PathTracing/Material/PathTracingClearCoat.ush" 2313
"../../../Engine/Shaders/Private/PathTracing/Material/PathTracingTwoSidedFoliage.ush" 2314
"../../../Engine/Shaders/Private/PathTracing/Material/PathTracingCloth.ush" 2315
"../../../Engine/Shaders/Private/PathTracing/Material/PathTracingSubsurfaceProfile.ush" 2316
"../../../Engine/Shaders/Private/PathTracing/Material/PathTracingEye.ush" 2317
"../../../Engine/Shaders/Private/PathTracing/Material/PathTracingHair.ush" 2318
"../../../Engine/Shaders/Private/PathTracing/Material/PathTracingMedium.ush" 2319
"../../../Engine/Shaders/Private/PathTracing/Volume/PathTracingVolume.ush" 2320
"../../../Engine/Shaders/Private/PathTracing/Volume/PathTracingVolumeCommon.ush" 2321
"../../../Engine/Shaders/Private/PathTracing/Volume/PathTracingAtmosphere.ush" 2322
"../../../Engine/Shaders/Private/DoubleWordMath.ush" 2323
"../../../Engine/Shaders/Private/PathTracing/Volume/PathTracingFog.ush" 2324
"../../../Engine/Shaders/Private/PathTracing/Volume/PathTracingVolumeSampling.ush" 2325
"../../../Engine/Shaders/Private/PathTracing/PathTracingBuildLightGrid.usf" 2326
"../../../Engine/Shaders/Private/PathTracing/PathTracingSkylightMISCompensation.usf" 2327
"../../../Engine/Shaders/Private/PathTracing/PathTracingSkylightPrepare.usf" 2328
"../../../Engine/Shaders/Private/OIT/OITSorting.usf" 2329
"../../../Engine/Shaders/Private/OITCombine.usf" 2330
"../../../Engine/Shaders/Private/OITCommon.ush" 2331
"../../../Engine/Shaders/Private/Nanite/NaniteDebugViews.usf" 2332
"../../../Engine/Shaders/Private/Nanite/NaniteDepthDecode.usf" 2333
"../../../Engine/Shaders/Private/HTileEncoding.ush" 2334
"../../../Engine/Shaders/Private/Nanite/NaniteMaterialComplexity.usf" 2335
"../../../Engine/Shaders/Private/Nanite/NaniteVisualize.usf" 2336
"../../../Engine/Shaders/Private/Nanite/NaniteStreamOut.usf" 2337
"../../../Engine/Shaders/Private/Nanite/NaniteMaterialCulling.usf" 2338
"../../../Engine/Shaders/Private/Nanite/NaniteDepthExport.usf" 2339
"../../../Engine/Shaders/Private/Nanite/NaniteExportGBuffer.usf" 2340
"../../../Engine/Shaders/Private/Nanite/NaniteRasterizer.usf" 2341
"../../../Engine/Shaders/Private/Nanite/NaniteRasterizationCommon.ush" 2342
"../../../Engine/Shaders/Private/Nanite/NaniteRasterizer.ush" 2343
"../../../Engine/Shaders/Private/Nanite/NaniteWritePixel.ush" 2344
"../../../Engine/Shaders/Private/Nanite/NaniteTessellation.ush" 2345
"../../../Engine/Shaders/Private/WorkDistribution.ush" 2346
"../../../Engine/Shaders/Private/Nanite/NaniteRasterBinning.usf" 2347
"../../../Engine/Shaders/Private/Nanite/NaniteInstanceCulling.usf" 2348
"../../../Engine/Shaders/Private/Nanite/NaniteImposter.ush" 2349
"../../../Engine/Shaders/Private/Nanite/NanitePrimitiveFilter.usf" 2350
"../../../Engine/Shaders/Private/Nanite/NaniteRasterClear.usf" 2351
"../../../Engine/Shaders/Private/Nanite/NanitePrintStats.usf" 2352
"../../../Engine/Shaders/Private/Nanite/NaniteEmitShadow.usf" 2353
"../../../Engine/Shaders/Private/MobileDeferredUtils.usf" 2354
"../../../Engine/Shaders/Private/MobileFog.usf" 2355
"../../../Engine/Shaders/Private/DistortApplyScreenPS.usf" 2356
"../../../Engine/Shaders/Private/MobileDeferredShading.usf" 2357
"../../../Engine/Shaders/Private/MobileLightingCommon.ush" 2358
"../../../Engine/Shaders/Private/MobileBasePassPixelShader.usf" 2359
"../../../Engine/Shaders/Private/MobileBasePassCommon.ush" 2360
"../../../Engine/Shaders/Private/BasePassCommon.ush" 2361
"../../../Engine/Shaders/Private/ShadingModelsMaterial.ush" 2362
"../../../Engine/Shaders/Private/ThinTranslucentCommon.ush" 2363
"../../../Engine/Shaders/Private/SingleLayerWaterShading.ush" 2364
"../../../Engine/Shaders/Private/DistortionCommon.ush" 2365
"../../../Engine/Shaders/Private/Strata/StrataMobileForwardLighting.ush" 2366
"../../../Engine/Shaders/Private/MobileBasePassVertexShader.usf" 2367
"../../../Engine/Shaders/Private/Lumen/LumenVisualizeRadianceCache.usf" 2368
"../../../Engine/Shaders/Private/Lumen/LumenRadianceCacheCommon.ush" 2369
"../../../Engine/Shaders/Private/Lumen/LumenVisualizeHardwareRayTracing.usf" 2370
"../../../Engine/Shaders/Private/Lumen/LumenCardCommon.ush" 2371
"../../../Engine/Shaders/Private/Lumen/LumenTracingCommon.ush" 2372
"../../../Engine/Shaders/Private/DistanceField/GlobalDistanceFieldUtils.ush" 2373
"../../../Engine/Shaders/Private/DistanceField/GlobalDistanceFieldObjectGrid.ush" 2374
"../../../Engine/Shaders/Private/DistanceFieldLightingShared.ush" 2375
"../../../Engine/Shaders/Private/Lumen/SurfaceCache/LumenSurfaceCacheSampling.ush" 2376
"../../../Engine/Shaders/Private/Lumen/SurfaceCache/LumenSurfaceCache.ush" 2377
"../../../Engine/Shaders/Private/Lumen/LumenVisualize.ush" 2378
"../../../Engine/Shaders/Private/Lumen/LumenHardwareRayTracingCommon.ush" 2379
"../../../Engine/Shaders/Private/Lumen/LumenHardwareRayTracingPipelineCommon.ush" 2380
"../../../Engine/Shaders/Private/Lumen/LumenHardwareRayTracingPlatformCommon.ush" 2381
"../../../Engine/Shaders/Private/Lumen/LumenHairTracing.ush" 2382
"../../../Engine/Shaders/Private/Lumen/LumenFog.ush" 2383
"../../../Engine/Shaders/Private/Lumen/LumenVisualize.usf" 2384
"../../../Engine/Shaders/Private/Lumen/LumenVisualizeTraces.ush" 2385
"../../../Engine/Shaders/Private/Lumen/LumenTranslucencyVolumeLighting.usf" 2386
"../../../Engine/Shaders/Private/Lumen/LumenRadianceCacheMarkCommon.ush" 2387
"../../../Engine/Shaders/Private/Lumen/LumenTranslucencyVolumeLightingShared.ush" 2388
"../../../Engine/Shaders/Private/Lumen/LumenScreenProbeCommon.ush" 2389
"../../../Engine/Shaders/Private/Lumen/LumenTranslucencyVolumeHardwareRayTracing.usf" 2390
"../../../Engine/Shaders/Private/Lumen/LumenTranslucencyRadianceCacheMarkShaders.usf" 2391
"../../../Engine/Shaders/Private/Lumen/SurfaceCache/LumenSurfaceCacheFeedback.usf" 2392
"../../../Engine/Shaders/Private/Lumen/SurfaceCache/LumenSurfaceCache.usf" 2393
"../../../Engine/Shaders/Private/Lumen/LumenShortRangeAOHardwareRayTracing.usf" 2394
"../../../Engine/Shaders/Private/Lumen/LumenMaterial.ush" 2395
"../../../Engine/Shaders/Private/Lumen/LumenScreenSpaceBentNormal.usf" 2396
"../../../Engine/Shaders/Private/Lumen/LumenScreenTracing.ush" 2397
"../../../Engine/Shaders/Private/Lumen/LumenScreenProbeTracing.usf" 2398
"../../../Engine/Shaders/Private/Lumen/LumenScreenProbeTracingCommon.ush" 2399
"../../../Engine/Shaders/Private/Lumen/LumenScreenProbeImportanceSampling.usf" 2400
"../../../Engine/Shaders/Private/Lumen/LumenScreenProbeImportanceSamplingShared.ush" 2401
"../../../Engine/Shaders/Private/Lumen/LumenScreenProbeHardwareRayTracing.usf" 2402
"../../../Engine/Shaders/Private/Lumen/LumenScreenProbeGather.usf" 2403
"../../../Engine/Shaders/Private/Lumen/LumenScreenSpaceBentNormal.ush" 2404
"../../../Engine/Shaders/Private/Lumen/LumenReflectionsCombine.ush" 2405
"../../../Engine/Shaders/Private/Lumen/LumenScreenProbeLightSampling.usf" 2406
"../../../Engine/Shaders/Private/Lumen/LumenScreenProbeFiltering.usf" 2407
"../../../Engine/Shaders/Private/Lumen/LumenSceneLighting.usf" 2408
"../../../Engine/Shaders/Private/Lumen/LumenCardTile.ush" 2409
"../../../Engine/Shaders/Private/Lumen/LumenSceneLighting.ush" 2410
"../../../Engine/Shaders/Private/Lumen/Radiosity/LumenRadiosity.ush" 2411
"../../../Engine/Shaders/Private/Lumen/LumenCardPixelShader.usf" 2412
"../../../Engine/Shaders/Private/Lumen/LumenCardVertexShader.usf" 2413
"../../../Engine/Shaders/Private/Lumen/LumenSceneLightingDebug.usf" 2414
"../../../Engine/Shaders/Private/Lumen/LumenSceneDirectLightingHardwareRayTracing.usf" 2415
"../../../Engine/Shaders/Private/Lumen/LumenReflectionCommon.ush" 2416
"../../../Engine/Shaders/Private/Lumen/LumenSceneDirectLighting.ush" 2417
"../../../Engine/Shaders/Private/Lumen/LumenSceneDirectLightingSoftwareRayTracing.usf" 2418
"../../../Engine/Shaders/Private/DistanceFieldShadowingShared.ush" 2419
"../../../Engine/Shaders/Private/Lumen/LumenSceneDirectLightingPerLightShadowCommon.ush" 2420
"../../../Engine/Shaders/Private/Lumen/LumenSceneDirectLightingShadowMask.usf" 2421
"../../../Engine/Shaders/Private/Lumen/LumenSceneDirectLighting.usf" 2422
"../../../Engine/Shaders/Private/Lumen/LumenSceneDirectLightingCulling.usf" 2423
"../../../Engine/Shaders/Private/Lumen/LumenReflectionTracing.usf" 2424
"../../../Engine/Shaders/Private/Lumen/LumenReflections.usf" 2425
"../../../Engine/Shaders/Private/Lumen/LumenReflectionHardwareRayTracing.usf" 2426
"../../../Engine/Shaders/Private/Lumen/Radiosity/LumenVisualizeRadiosityProbes.usf" 2427
"../../../Engine/Shaders/Private/Lumen/Radiosity/LumenRadiosity.usf" 2428
"../../../Engine/Shaders/Private/RayTracing/RayGenUtils.ush" 2429
"../../../Engine/Shaders/Private/Lumen/Radiosity/LumenRadiosityHardwareRayTracing.usf" 2430
"../../../Engine/Shaders/Private/Lumen/Radiosity/LumenRadiosityCulling.usf" 2431
"../../../Engine/Shaders/Private/Lumen/LumenRadianceCacheHardwareRayTracing.usf" 2432
"../../../Engine/Shaders/Private/Lumen/LumenRadianceCacheTracingCommon.ush" 2433
"../../../Engine/Shaders/Private/Lumen/LumenRadianceCache.usf" 2434
"../../../Engine/Shaders/Private/Lumen/LumenRadianceCacheUpdate.ush" 2435
"../../../Engine/Shaders/Private/Lumen/LumenRadianceCacheDebug.usf" 2436
"../../../Engine/Shaders/Private/Lumen/LumenRadianceCacheUpdate.usf" 2437
"../../../Engine/Shaders/Private/Lumen/LumenMeshSDFCulling.usf" 2438
"../../../Engine/Shaders/Private/HybridIndirectLighting.ush" 2439
"../../../Engine/Shaders/Private/MeshDistanceFieldCommon.ush" 2440
"../../../Engine/Shaders/Private/Lumen/LumenIrradianceFieldGather.usf" 2441
"../../../Engine/Shaders/Private/Lumen/LumenHardwareRayTracingMaterials.usf" 2442
"../../../Engine/Shaders/Private/Lumen/LumenHardwareRayTracingPipeline.usf" 2443
"../../../Engine/Shaders/Private/Lumen/LumenFrontLayerTranslucency.usf" 2444
"../../../Engine/Shaders/Private/LightShaftShader.usf" 2445
"../../../Engine/Shaders/Private/StationaryLightOverlapShaders.usf" 2446
"../../../Engine/Shaders/Private/DeferredLightPixelShaders.usf" 2447
"../../../Engine/Shaders/Private/HairStrands/HairStrandsVisibilityUtils.ush" 2448
"../../../Engine/Shaders/Private/DeferredLightVertexShaders.usf" 2449
"../../../Engine/Shaders/Private/LightMapDensityShader.usf" 2450
"../../../Engine/Shaders/Private/LightGridInjection.usf" 2451
"../../../Engine/Shaders/Private/LightFunctionPixelShader.usf" 2452
"../../../Engine/Shaders/Private/LightFunctionVertexShader.usf" 2453
"../../../Engine/Shaders/Private/InstanceCulling/BuildInstanceDrawCommands.usf" 2454
"../../../Engine/Shaders/Private/InstanceCulling/InstanceCompactionCommon.ush" 2455
"../../../Engine/Shaders/Private/InstanceCulling/CompactVisibleInstances.usf" 2456
"../../../Engine/Shaders/Private/ThreadGroupPrefixSum.ush" 2457
"../../../Engine/Shaders/Private/ReflectionEnvironmentPixelShader.usf" 2458
"../../../Engine/Shaders/Private/Strata/StrataEnvironmentLighting.ush" 2459
"../../../Engine/Shaders/Private/AmbientCubemapComposite.usf" 2460
"../../../Engine/Shaders/Private/DiffuseIndirectComposite.usf" 2461
"../../../Engine/Shaders/Private/IESAtlas.usf" 2462
"../../../Engine/Shaders/Private/HeterogeneousVolumes/HeterogeneousVolumesSparseVoxelPipeline.usf" 2463
"../../../Engine/Shaders/Private/HeterogeneousVolumes/HeterogeneousVolumesSparseVoxelUtils.ush" 2464
"../../../Engine/Shaders/Private/HeterogeneousVolumes/HeterogeneousVolumesSparseVoxelUniformBufferUtils.ush" 2465
"../../../Engine/Shaders/Private/HeterogeneousVolumes/HeterogeneousVolumesPreshadingPipeline.usf" 2466
"../../../Engine/Shaders/Private/HeterogeneousVolumes/HeterogeneousVolumesTracingUtils.ush" 2467
"../../../Engine/Shaders/Private/HeterogeneousVolumes/HeterogeneousVolumesLightingUtils.ush" 2468
"../../../Engine/Shaders/Private/HeterogeneousVolumes/HeterogeneousVolumesRayMarchingUtils.ush" 2469
"../../../Engine/Shaders/Private/HeterogeneousVolumes/HeterogeneousVolumesTransmittanceVolumeUtils.ush" 2470
"../../../Engine/Shaders/Private/HeterogeneousVolumes/HeterogeneousVolumesMaterialBakingPipeline.usf" 2471
"../../../Engine/Shaders/Private/HeterogeneousVolumes/HeterogeneousVolumesLiveShadingUtils.ush" 2472
"../../../Engine/Shaders/Private/HeterogeneousVolumes/HeterogeneousVolumesLiveShadingPipeline.usf" 2473
"../../../Engine/Shaders/Private/HeterogeneousVolumes/HeterogeneousVolumesHardwareRayTracing.usf" 2474
"../../../Engine/Shaders/Private/HeterogeneousVolumes/HeterogeneousVolumesComposite.usf" 2475
"../../../Engine/Shaders/Private/HdrCustomResolveShaders.usf" 2476
"../../../Engine/Shaders/Private/HairStrands/HairStrandsVoxelMip.usf" 2477
"../../../Engine/Shaders/Private/HairStrands/HairStrandsVoxelRasterCompute.usf" 2478
"../../../Engine/Shaders/Private/HairStrands/HairStrandsClusterCommon.ush" 2479
"../../../Engine/Shaders/Private/HairStrands/HairStrandsVoxelPageAllocation.usf" 2480
"../../../Engine/Shaders/Private/Matrices.ush" 2481
"../../../Engine/Shaders/Private/HairStrands/HairStrandsAABBCommon.ush" 2482
"../../../Engine/Shaders/Private/HairStrands/HairStrandsVoxelOpaque.usf" 2483
"../../../Engine/Shaders/Private/HairStrands/HairStrandsRaytracingGeometry.usf" 2484
"../../../Engine/Shaders/Private/HairStrands/HairStrandsHitProxy.usf" 2485
"../../../Engine/Shaders/Private/HairStrands/HairStrandsVisibilityRasterComputeNaive.usf" 2486
"../../../Engine/Shaders/Private/HairStrands/HairStrandsVisibilityRasterHW.usf" 2487
"../../../Engine/Shaders/Private/HairStrands/HairStrandsVisibilityRasterCompute.usf" 2488
"../../../Engine/Shaders/Private/HairStrands/HairStrandsVisibilityRasterClassification.usf" 2489
"../../../Engine/Shaders/Private/HairStrands/HairStrandsCoverage.usf" 2490
"../../../Engine/Shaders/Private/HairStrands/HairStrandsVisibilityDepthPS.usf" 2491
"../../../Engine/Shaders/Private/HairStrands/HairStrandsVisibilityTransmittanceDepthPS.usf" 2492
"../../../Engine/Shaders/Private/HairStrands/HairStrandsVisibilityFillOpaqueDepthPS.usf" 2493
"../../../Engine/Shaders/Private/HairStrands/HairStrandsVisibilityCompactionComputeRaster.usf" 2494
"../../../Engine/Shaders/Private/HairStrands/HairStrandsVisibilityCompaction.usf" 2495
"../../../Engine/Shaders/Private/HairStrands/HairStrandsVisibilityCopyIndirectArg.usf" 2496
"../../../Engine/Shaders/Private/HairStrands/HairStrandsVisibilityClearPS.usf" 2497
"../../../Engine/Shaders/Private/HairStrands/HairStrandsVisibilityPS.usf" 2498
"../../../Engine/Shaders/Private/HairStrands/HairStrandsVisibilityVS.usf" 2499
"../../../Engine/Shaders/Private/HairStrands/HairStrandsVelocity.usf" 2500
"../../../Engine/Shaders/Private/HairStrands/HairStrandsVisibilityComputeSampleCoverage.usf" 2501
"../../../Engine/Shaders/Private/HairStrands/HairStrandsMaterialPS.usf" 2502
"../../../Engine/Shaders/Private/HairStrands/HairStrandsMaterialCommon.ush" 2503
"../../../Engine/Shaders/Private/HairStrands/HairStrandsMaterialVS.usf" 2504
"../../../Engine/Shaders/Private/HairStrands/HairStrandsLightSample.usf" 2505
"../../../Engine/Shaders/Private/HairStrands/HairStrandsDeepShadowMask.usf" 2506
"../../../Engine/Shaders/Private/HairStrands/HairStrandsDeepShadowCommon.ush" 2507
"../../../Engine/Shaders/Private/HairStrands/HairStrandsDeepTransmittanceMask.usf" 2508
"../../../Engine/Shaders/Private/HairStrands/HairStrandsVisibilityTile.usf" 2509
"../../../Engine/Shaders/Private/HairStrands/HairStrandsDeepShadowPS.usf" 2510
"../../../Engine/Shaders/Private/HairStrands/HairStrandsDeepShadowVS.usf" 2511
"../../../Engine/Shaders/Private/HairStrands/HairStrandsLUT.usf" 2512
"../../../Engine/Shaders/Private/HairStrands/HairStrandsForwardRaster.usf" 2513
"../../../Engine/Shaders/Private/HairStrands/HairStrandsForwardCulling.usf" 2514
"../../../Engine/Shaders/Private/HairStrands/HairStrandsEnvironmentLighting.usf" 2515
"../../../Engine/Shaders/Private/HairStrands/HairStrandsDebugCommonStruct.ush" 2516
"../../../Engine/Shaders/Private/HairStrands/HairStrandsEnvironmentAO.usf" 2517
"../../../Engine/Shaders/Private/HairStrands/HairStrandsDeepShadowAllocation.usf" 2518
"../../../Engine/Shaders/Private/HairStrands/HairStrandsVoxelDepthInjection.usf" 2519
"../../../Engine/Shaders/Private/HairStrands/HairStrandsClusterCulling.usf" 2520
"../../../Engine/Shaders/Private/HairStrands/HairStrandsDebug.usf" 2521
"../../../Engine/Shaders/Private/HairStrands/HairStrandsMeshProjectionCommon.ush" 2522
"../../../Engine/Shaders/Private/HairStrands/HairStrandsVoxelPageRayMarching.usf" 2523
"../../../Engine/Shaders/Private/HairStrands/HairStrandsGBufferWrite.usf" 2524
"../../../Engine/Shaders/Private/HairStrands/HairStrandsGBufferCommon.ush" 2525
"../../../Engine/Shaders/Private/HairStrands/HairStrandsVisibilityComposeSubPixelPS.usf" 2526
"../../../Engine/Shaders/Private/HairStrands/HairStrandsAABB.usf" 2527
"../../../Engine/Shaders/Private/GPUScene/GPUSceneDataManagement.usf" 2528
"../../../Engine/Shaders/Private/GPUSceneDebugRender.usf" 2529
"../../../Engine/Shaders/Private/GPUFastFourierTransform.usf" 2530
"../../../Engine/Shaders/Private/GPUFastFourierTransform2DCore.ush" 2531
"../../../Engine/Shaders/Private/GPUFastFourierTransformCore.ush" 2532
"../../../Engine/Shaders/Private/GPUBenchmark.usf" 2533
"../../../Engine/Shaders/Private/DistanceField/GlobalDistanceFieldDebug.usf" 2534
"../../../Engine/Shaders/Private/DistanceField/GlobalDistanceFieldMip.usf" 2535
"../../../Engine/Shaders/Private/DistanceField/GlobalDistanceField.usf" 2536
"../../../Engine/Shaders/Private/DistanceField/GlobalDistanceFieldUpdate.ush" 2537
"../../../Engine/Shaders/Private/DistanceField/GlobalDistanceFieldCompositeObjects.usf" 2538
"../../../Engine/Shaders/Private/DistanceField/GlobalDistanceFieldHeightfields.usf" 2539
"../../../Engine/Shaders/Private/HeightfieldLightingShared.ush" 2540
"../../../Engine/Shaders/Private/GenerateConservativeDepth.usf" 2541
"../../../Engine/Shaders/Private/HeightFogPixelShader.usf" 2542
"../../../Engine/Shaders/Private/HeightFogVertexShader.usf" 2543
"../../../Engine/Shaders/Private/DistortFiltering.usf" 2544
"../../../Engine/Shaders/Private/DistortAccumulatePS.usf" 2545
"../../../Engine/Shaders/Private/DistortAccumulateVS.usf" 2546
"../../../Engine/Shaders/Private/DistanceFieldVisualization.usf" 2547
"../../../Engine/Shaders/Private/DistanceFieldStreaming.usf" 2548
"../../../Engine/Shaders/Private/DistanceFieldShadowing.usf" 2549
"../../../Engine/Shaders/Private/DistanceFieldScreenGridLighting.usf" 2550
"../../../Engine/Shaders/Private/DistanceFieldObjectCulling.usf" 2551
"../../../Engine/Shaders/Private/DistanceFieldLightingPost.usf" 2552
"../../../Engine/Shaders/Private/DitheredTransitionStencil.usf" 2553
"../../../Engine/Shaders/Private/DepthOnlyPixelShader.usf" 2554
"../../../Engine/Shaders/Private/DepthOnlyVertexShader.usf" 2555
"../../../Engine/Shaders/Private/PositionOnlyDepthVertexShader.usf" 2556
"../../../Engine/Shaders/Private/DeferredDecal.usf" 2557
"../../../Engine/Shaders/Private/DecalCommon.ush" 2558
"../../../Engine/Shaders/Private/DebugViewModeVertexShader.usf" 2559
"../../../Engine/Shaders/Private/DebugViewModeCommon.ush" 2560
"../../../Engine/Shaders/Private/DebugViewModePixelShader.usf" 2561
"../../../Engine/Shaders/Private/DebugProbes.usf" 2562
"../../../Engine/Shaders/Private/MeshDecals.usf" 2563
"../../../Engine/Shaders/Private/PostProcessAmbientOcclusion.usf" 2564
"../../../Engine/Shaders/Private/ClusteredDeferredShadingPixelShader.usf" 2565
"../../../Engine/Shaders/Private/ClusteredDeferredShadingVertexShader.usf" 2566
"../../../Engine/Shaders/Private/CapsuleShadowShaders.usf" 2567
"../../../Engine/Shaders/Private/BasePassPixelShader.usf" 2568
"../../../Engine/Shaders/Private/ForwardLightingCommon.ush" 2569
"../../../Engine/Shaders/Private/Strata/StrataForwardLighting.ush" 2570
"../../../Engine/Shaders/Private/ComputeShaderOutputCommon.ush" 2571
"../../../Engine/Shaders/Private/BasePassVertexShader.usf" 2572
"../../../Engine/Shaders/Private/BasePassVertexCommon.ush" 2573
"../../../Engine/Shaders/Private/AnisotropyPassShader.usf" 2574
"../../../Engine/Shaders/Private/SimpleElementVolumeTexturePreviewPixelShader.usf" 2575
"../../../Engine/Shaders/Private/SimpleElementTexture2DPreviewPixelShader.usf" 2576
"../../../Engine/Shaders/Private/meshpaintdilatepixelshader.usf" 2577
"../../../Engine/Shaders/Private/meshpaintdilatevertexshader.usf" 2578
"../../../Engine/Shaders/Private/MeshPaintPixelShader.usf" 2579
"../../../Engine/Shaders/Private/MeshPaintVertexShader.usf" 2580
"../../../Engine/Shaders/Private/Tools/VisualizeTexture.usf" 2581
"../../../Engine/Shaders/Private/ByteBuffer.usf" 2582
"../../../Engine/Shaders/Private/ResolveVertexShader.usf" 2583
"../../../Engine/Shaders/Private/ResolvePixelShader.usf" 2584
"../../../Engine/Shaders/Private/Tools/SetupIndirectArgs.usf" 2585
"../../../Engine/Shaders/Private/Tools/ClearUAV.usf" 2586
"../../../Engine/Shaders/Private/ClearReplacementShaders.usf" 2587
"../../../Engine/Shaders/Private/Tools/DrawTexture.usf" 2588
"../../../Engine/Shaders/Private/RayTracing/RayTracingValidation.usf" 2589
"../../../Engine/Shaders/Private/RenderGraphUtilities.usf" 2590
"../../../Engine/Shaders/Private/OneColorShader.usf" 2591
"../../../Engine/Shaders/Private/OculusShaders.usf" 2592
"../../../Engine/Shaders/Private/MediaShaders.usf" 2593
"../../../Engine/Shaders/Private/GPUMessaging.usf" 2594
"../../../Engine/Shaders/Private/NullPixelShader.usf" 2595
"../../../Engine/Shaders/Private/ComputeGenerateMips.usf" 2596
"../../../Engine/Shaders/Private/Tools/DumpTexture.usf" 2597
"../../../Engine/Shaders/Private/CopyTextureShaders.usf" 2598
"../../../Engine/Shaders/Private/Tools/FullscreenVertexShader.usf" 2599
"../../../Engine/Shaders/Private/RayTracing/RayTracingDispatchDesc.usf" 2600
"../../../Engine/Shaders/Private/Bink.usf" 2601
"../../../../../../Users/silve/OneDrive/Documents/Unreal Projects/MergeHouses/Intermediate/ShaderAutogen/PCD3D_SM5/AutogenShaderHeaders.ush" 2602
"C:/Program Files/Epic Games/UE_5.2/Engine/Plugins/2D/Paper2D/Content/DummySprite.uasset" 2603
"C:/Users/silve/OneDrive/Documents/Unreal Projects/MergeHouses/Content/BP_MergeTownPlayerController.uasset" 2604
"C:/Users/silve/OneDrive/Documents/Unreal Projects/MergeHouses/Content/BP_MergeTownGameMode.uasset" 2605
"C:/Users/silve/OneDrive/Documents/Unreal Projects/MergeHouses/Content/Blueprints/UMG_MainWidget.uasset" 2606
"C:/Users/silve/OneDrive/Documents/Unreal Projects/MergeHouses/Content/Blueprints/BP_GameBoard.uasset" 2607
"C:/Users/silve/OneDrive/Documents/Unreal Projects/MergeHouses/Content/Levels/Map_Main.umap" 2608
"C:/Program Files/Epic Games/UE_5.2/Engine/Plugins/Animation/ControlRigSpline/Content/SplineFunctionLibrary/SplineFunctionLibrary.uasset" 2609
"C:/Program Files/Epic Games/UE_5.2/Engine/Plugins/Animation/ControlRig/Content/StandardFunctionLibrary/StandardFunctionLibrary.uasset" 2610
"C:/Users/silve/OneDrive/Documents/Unreal Projects/MergeHouses/Content/Assets/Meshes/TableTopBoard/TableTopBoard_Anim_Open.uasset" 2611
"C:/Users/silve/OneDrive/Documents/Unreal Projects/MergeHouses/Content/Assets/Meshes/TableTopBoard/TableTopBoard_Anim_Close.uasset" 2612
"C:/Users/silve/OneDrive/Documents/Unreal Projects/MergeHouses/Content/Assets/Meshes/Dioramas/Diorama13.uasset" 2613
"C:/Program Files/Epic Games/UE_5.2/Engine/Plugins/2D/Paper2D/Content/Tutorial/Paper2D/TutorialAssets/TutorialSprite.uasset" 2614
"C:/Program Files/Epic Games/UE_5.2/Engine/Plugins/2D/Paper2D/Content/Tutorial/Paper2D/TutorialAssets/TutorialFlipBook.uasset" 2615
"../../../Engine/Content/EditorResources/S_Actor.uasset" 2616
"C:/Users/silve/AppData/Local/UnrealEngine/Common/DerivedDataCache/Buckets/BulkDataList/61/44/a56ed53d6e267e4133f209ba61b19ba8913e.udd" 2617
"../../../../../../Users/silve/OneDrive/Documents/Unreal Projects/MergeHouses/Intermediate/ShaderAutogen/PCD3D_ES3_1/AutogenShaderHeaders.ush" 2618
"../../../Engine/Content/EditorResources/S_BoxReflectionCapture.uasset" 2619
"C:/Users/silve/AppData/Local/UnrealEngine/Common/DerivedDataCache/Buckets/BulkDataList/f9/81/ba4ac101e0fa17a7328c1eca45316a2bbcd2.udd" 2620
"../../../Engine/Content/EngineResources/DefaultTexture.uasset" 2621
"C:/Users/silve/AppData/Local/UnrealEngine/Common/DerivedDataCache/Buckets/BulkDataList/26/69/ea96a3e8fc6a6a2044a659e18f9b136f90a8.udd" 2622
"../../../Engine/Content/EngineResources/DefaultTextureCube.uasset" 2623
"C:/Users/silve/AppData/Local/UnrealEngine/Common/DerivedDataCache/Buckets/BulkDataList/d2/27/938e2caf915270e942d4bd1468f1da0b0a53.udd" 2624
"../../../Engine/Content/EngineResources/DefaultVolumeTexture.uasset" 2625
"../../../Engine/Content/EngineResources/DefaultVolumeTexture2D.uasset" 2626
"C:/Users/silve/AppData/Local/UnrealEngine/Common/DerivedDataCache/Buckets/BulkDataList/af/5c/d691dae94615dd10125d33bbb84c4f27511b.udd" 2627
"C:/Users/silve/AppData/Local/UnrealEngine/Common/DerivedDataCache/Buckets/BulkDataList/17/70/a93d91153659a64a5ebd3ca28b1e8fe5677f.udd" 2628
"../../../Engine/Content/EngineFonts/RobotoDistanceField.uasset" 2629
"C:/Users/silve/AppData/Local/UnrealEngine/Common/DerivedDataCache/Buckets/BulkDataList/a3/2b/cf2568d583395bb66c475b6b9f803b7bad72.udd" 2630
"../../../Engine/Content/EngineMaterials/DefaultTextMaterialOpaque.uasset" 2631
"../../../Engine/Content/Functions/Engine_MaterialFunctions01/Shading/PowerToRoughness.uasset" 2632
"../../../Engine/Content/Functions/Engine_MaterialFunctions01/Shading/ConvertFromDiffSpec.uasset" 2633
"../../../Engine/Content/EngineMaterials/WorldGridMaterial.uasset" 2634
"../../../Engine/Content/Functions/Engine_MaterialFunctions01/Opacity/CameraDepthFade.uasset" 2635
"../../../Engine/Content/EngineMaterials/T_Default_Material_Grid_M.uasset" 2636
"../../../Engine/Content/EngineMaterials/T_Default_Material_Grid_N.uasset" 2637
"../../../Engine/Content/EngineMaterials/DefaultDeferredDecalMaterial.uasset" 2638
"../../../Engine/Content/EngineMaterials/DefaultDiffuse.uasset" 2639
"../../../Engine/Content/EngineMaterials/DefaultLightFunctionMaterial.uasset" 2640
"../../../Engine/Content/EngineMaterials/DefaultPostProcessMaterial.uasset" 2641
"../../../Engine/Content/Functions/Engine_MaterialFunctions02/Utility/BreakOutFloat2Components.uasset" 2642
"C:/Users/silve/AppData/Local/UnrealEngine/Common/DerivedDataCache/Buckets/BulkDataList/3d/8a/03d284ea90f0835c3cb7997e2070b7d3974d.udd" 2643
"C:/Users/silve/AppData/Local/UnrealEngine/Common/DerivedDataCache/Buckets/BulkDataList/4f/7c/095bde3810518e6a108cfb00c0fd3b34aa44.udd" 2644
"C:/Users/silve/AppData/Local/UnrealEngine/Common/DerivedDataCache/Buckets/BulkDataList/e9/85/77c01f9efaaec9dd8c22a812d95a6289a25f.udd" 2645
"../../../Engine/Content/EditorResources/S_Trigger.uasset" 2646
"C:/Users/silve/AppData/Local/UnrealEngine/Common/DerivedDataCache/Buckets/BulkDataList/45/07/9a766f84ae1c00995758fc9bfda43fc2fcde.udd" 2647
"../../../Engine/Content/EditorResources/S_TriggerBox.uasset" 2648
"C:/Users/silve/AppData/Local/UnrealEngine/Common/DerivedDataCache/Buckets/BulkDataList/88/73/b8524856a1874a956e832a279f2f62a1ea5d.udd" 2649
"../../../Engine/Content/EditorResources/S_TriggerCapsule.uasset" 2650
"C:/Users/silve/AppData/Local/UnrealEngine/Common/DerivedDataCache/Buckets/BulkDataList/f1/a1/ee4cb4c8e13a409aaca075740193d5831b30.udd" 2651
"../../../Engine/Content/EditorResources/S_TriggerSphere.uasset" 2652
"C:/Users/silve/AppData/Local/UnrealEngine/Common/DerivedDataCache/Buckets/BulkDataList/29/e4/91c8986f9c75bb67ab944fc903298c53f4b5.udd" 2653
"../../../Engine/Content/EngineDamageTypes/DmgTypeBP_Environmental.uasset" 2654
"../../../Engine/Content/EngineSky/VolumetricClouds/m_SimpleVolumetricCloud_Inst.uasset" 2655
"../../../Engine/Content/EngineSky/VolumetricClouds/m_SimpleVolumetricCloud.uasset" 2656
"../../../Engine/Content/Functions/Engine_MaterialFunctions02/Utility/MakeFloat2.uasset" 2657
"../../../Engine/Content/EngineSky/VolumetricClouds/CloudGradientTexture.uasset" 2658
"../../../Engine/Content/EngineSky/VolumetricClouds/CloudWeatherTexture.uasset" 2659
"../../../Engine/Content/EngineSky/VolumetricClouds/T_VolumeNoiseErosion32.uasset" 2660
"../../../Engine/Content/EngineSky/VolumetricClouds/T_NoiseErosion.uasset" 2661
"../../../Engine/Content/EngineSky/VolumetricClouds/T_VolumeNoiseShape64.uasset" 2662
"../../../Engine/Content/EngineSky/VolumetricClouds/T_NoiseShape64.uasset" 2663
"C:/Users/silve/AppData/Local/UnrealEngine/Common/DerivedDataCache/Buckets/BulkDataList/f0/2d/a1ced924ab2c52d5c576286f4199c865fa58.udd" 2664
"C:/Users/silve/AppData/Local/UnrealEngine/Common/DerivedDataCache/Buckets/BulkDataList/06/dd/d8d11e4e237419061c3759c16dc3d1a76100.udd" 2665
"C:/Users/silve/AppData/Local/UnrealEngine/Common/DerivedDataCache/Buckets/BulkDataList/24/56/34c4600c94b4c9fcf2020abec85a3429da5e.udd" 2666
"C:/Users/silve/AppData/Local/UnrealEngine/Common/DerivedDataCache/Buckets/BulkDataList/69/27/df71b8d223daa1aa0eaaa6ac18fb28155c30.udd" 2667
"C:/Users/silve/AppData/Local/UnrealEngine/Common/DerivedDataCache/Buckets/BulkDataList/04/77/6795d44d4c9461ebbf46b8bbf6424e682713.udd" 2668
"C:/Users/silve/AppData/Local/UnrealEngine/Common/DerivedDataCache/Buckets/BulkDataList/c4/0c/46f1c4fe04eaef6dbb37aa92f101ae253bd2.udd" 2669
"../../../Engine/Content/EngineMeshes/Sphere.uasset" 2670
"C:/Users/silve/AppData/Local/UnrealEngine/Common/DerivedDataCache/Buckets/StaticMesh/56/86/4b851ef058b4f312007108f0efa3f9caad76.udd" 2671
"C:/Users/silve/AppData/Local/UnrealEngine/Common/DerivedDataCache/Buckets/LegacyCARD/43/35/69eb727224f0d9405db15ad0ac8d55db1639.udd" 2672
"C:/Users/silve/AppData/Local/UnrealEngine/Common/DerivedDataCache/Buckets/LegacyNavCollision/61/89/c3cb30dd2aa4b0ceaa9c237a2b7b50128aa2.udd" 2673
"../../../Engine/Content/EngineResources/WhiteSquareTexture.uasset" 2674
"../../../Engine/Content/EngineResources/GradientTexture0.uasset" 2675
"C:/Users/silve/AppData/Local/UnrealEngine/Common/DerivedDataCache/Buckets/BulkDataList/c8/a0/51d1c90bfee178d10f53440c7e8233f65324.udd" 2676
"C:/Users/silve/AppData/Local/UnrealEngine/Common/DerivedDataCache/Buckets/BulkDataList/b5/7f/2bf64d86b65067e13fab26e8cfc919602e76.udd" 2677
"../../../Engine/Content/EngineResources/Black.uasset" 2678
"C:/Users/silve/AppData/Local/UnrealEngine/Common/DerivedDataCache/Buckets/BulkDataList/08/bc/9307f76eb323f828f4fb6bf5524c1dc71e9f.udd" 2679
"../../../Engine/Content/EngineMaterials/Widget3DPassThrough_Translucent.uasset" 2680
"../../../Engine/Content/EngineMaterials/Widget3DPassThrough.uasset" 2681
"../../../Engine/Content/EngineMaterials/Widget3DPassThrough_Translucent_OneSided.uasset" 2682
"../../../Engine/Content/EngineMaterials/Widget3DPassThrough_Opaque.uasset" 2683
"../../../Engine/Content/EngineMaterials/Widget3DPassThrough_Opaque_OneSided.uasset" 2684
"../../../Engine/Content/EngineMaterials/Widget3DPassThrough_Masked.uasset" 2685
"../../../Engine/Content/EngineMaterials/Widget3DPassThrough_Masked_OneSided.uasset" 2686
"../../../Engine/Content/VREditor/TransformGizmo/PlaneTranslationHandle.uasset" 2687
"../../../Engine/Content/VREditor/TransformGizmo/TransformGizmoMaterial.uasset" 2688
"../../../Engine/Content/VREditor/LaserPointer/VR_LaserPower_01.uasset" 2689
"../../../Engine/Content/VREditor/TransformGizmo/TranslucentTransformGizmoMaterial.uasset" 2690
"C:/Users/silve/AppData/Local/UnrealEngine/Common/DerivedDataCache/Buckets/BulkDataList/2a/8d/3dfef6387372a68d36ff1b98032571f1bf16.udd" 2691
"C:/Users/silve/AppData/Local/UnrealEngine/Common/DerivedDataCache/Buckets/StaticMesh/d2/4b/65c33361560aa3febaf93e3b0143ea53c174.udd" 2692
"C:/Users/silve/AppData/Local/UnrealEngine/Common/DerivedDataCache/Buckets/LegacyCARD/a3/b9/44e6f2e9d532116a9710a4bc3edb6d22c13d.udd" 2693
"C:/Users/silve/AppData/Local/UnrealEngine/Common/DerivedDataCache/Buckets/LegacyNavCollision/a0/c4/02a7adca7681f1ba88bb37403e0f903c750a.udd" 2694
"../../../Engine/Content/VREditor/TransformGizmo/BoundingBoxCorner.uasset" 2695
"C:/Users/silve/AppData/Local/UnrealEngine/Common/DerivedDataCache/Buckets/StaticMesh/15/11/d729a202ad273f36192711332b1e85722b4f.udd" 2696
"C:/Users/silve/AppData/Local/UnrealEngine/Common/DerivedDataCache/Buckets/LegacyCARD/5a/f2/d62de4ee15b1c65be13a37a342ab3bd83a9f.udd" 2697
"C:/Users/silve/AppData/Local/UnrealEngine/Common/DerivedDataCache/Buckets/LegacyNavCollision/ab/47/383a42a1cdd5fe65cc9b00ab6c5a8e8403e5.udd" 2698
"../../../Engine/Content/VREditor/TransformGizmo/BoundingBoxEdge.uasset" 2699
"C:/Users/silve/AppData/Local/UnrealEngine/Common/DerivedDataCache/Buckets/StaticMesh/88/0f/ba88afc455d9d2e0a4e23fd9a913b97b7f1d.udd" 2700
"C:/Users/silve/AppData/Local/UnrealEngine/Common/DerivedDataCache/Buckets/LegacyCARD/c8/73/4460a21f7dfe0d7481cae78fd3b8f043313b.udd" 2701
"C:/Users/silve/AppData/Local/UnrealEngine/Common/DerivedDataCache/Buckets/LegacyNavCollision/7c/7d/00db4f0735ebfc1697a5c802286f4b22768c.udd" 2702
"../../../Engine/Content/VREditor/TransformGizmo/SM_Sequencer_Node.uasset" 2703
"../../../Engine/Content/VREditor/TransformGizmo/Main.uasset" 2704
"../../../Engine/Content/VREditor/TransformGizmo/Xray.uasset" 2705
"C:/Users/silve/AppData/Local/UnrealEngine/Common/DerivedDataCache/Buckets/StaticMesh/6e/0f/ec898f597eabefaea7b78ac4111219d08a1c.udd" 2706
"C:/Users/silve/AppData/Local/UnrealEngine/Common/DerivedDataCache/Buckets/LegacyCARD/3e/3a/a18f92c10204370df86c214ddd8e06855ea4.udd" 2707
"C:/Users/silve/AppData/Local/UnrealEngine/Common/DerivedDataCache/Buckets/LegacyNavCollision/b0/c6/4236c82d15aae3a1767230ccfa57a3f3e1ab.udd" 2708
"../../../Engine/Content/EditorMeshes/Camera/SM_CraneRig_Base.uasset" 2709
"../../../Engine/Content/EditorMaterials/Camera/MI_CineMat_Rig.uasset" 2710
"../../../Engine/Content/EditorMaterials/Camera/CineMat.uasset" 2711
"C:/Users/silve/AppData/Local/UnrealEngine/Common/DerivedDataCache/Buckets/StaticMesh/9f/92/d51405485d3c96c31354cc7355c46e5aa265.udd" 2712
"C:/Users/silve/AppData/Local/UnrealEngine/Common/DerivedDataCache/Buckets/LegacyCARD/86/17/0ce4d01b7de8e7d74794d1ff516602319910.udd" 2713
"C:/Users/silve/AppData/Local/UnrealEngine/Common/DerivedDataCache/Buckets/LegacyNavCollision/96/33/cdd4c37769fc9526499ce6b0fd52321fd61e.udd" 2714
"../../../Engine/Content/EditorMeshes/Camera/SM_CraneRig_Arm.uasset" 2715
"C:/Users/silve/AppData/Local/UnrealEngine/Common/DerivedDataCache/Buckets/StaticMesh/db/71/3e9152edf773f5219fc000fb3daa7a295c08.udd" 2716
"C:/Users/silve/AppData/Local/UnrealEngine/Common/DerivedDataCache/Buckets/LegacyCARD/fc/cf/efcb1b8da7d49e9a301978869ef4af56a5d8.udd" 2717
"C:/Users/silve/AppData/Local/UnrealEngine/Common/DerivedDataCache/Buckets/LegacyNavCollision/46/d3/84d2e7bd886ac6630d38c6d3d76364a38640.udd" 2718
"../../../Engine/Content/EditorMeshes/Camera/SM_CraneRig_Mount.uasset" 2719
"C:/Users/silve/AppData/Local/UnrealEngine/Common/DerivedDataCache/Buckets/StaticMesh/b7/4d/6ba64841be11ed78fa5c7f60a5642b50276e.udd" 2720
"C:/Users/silve/AppData/Local/UnrealEngine/Common/DerivedDataCache/Buckets/LegacyCARD/86/f7/1018b8ca21e0dd41be2a6658cba51b501450.udd" 2721
"C:/Users/silve/AppData/Local/UnrealEngine/Common/DerivedDataCache/Buckets/LegacyNavCollision/a8/06/d6ab1ee8580288d58a63dcda25ca22d7c3ee.udd" 2722
"../../../Engine/Content/EditorMeshes/Camera/SM_CraneRig_Body.uasset" 2723
"C:/Users/silve/AppData/Local/UnrealEngine/Common/DerivedDataCache/Buckets/StaticMesh/19/42/c80af348e30ced3167bb1f8b8310dcb1ebe0.udd" 2724
"C:/Users/silve/AppData/Local/UnrealEngine/Common/DerivedDataCache/Buckets/LegacyCARD/14/42/4e5dc4174a6b3ed61e63bb4f4610140a1b88.udd" 2725
"C:/Users/silve/AppData/Local/UnrealEngine/Common/DerivedDataCache/Buckets/LegacyNavCollision/a8/b0/9ec0f04afefe4d9162002f7c3a733254e5a8.udd" 2726
"../../../Engine/Content/EditorMeshes/Camera/SM_RailRig_Track.uasset" 2727
"C:/Users/silve/AppData/Local/UnrealEngine/Common/DerivedDataCache/Buckets/StaticMesh/9f/77/4ce6090a15d286cd27d1f313ae6ecf06ca47.udd" 2728
"C:/Users/silve/AppData/Local/UnrealEngine/Common/DerivedDataCache/Buckets/LegacyCARD/7a/3c/482c22aaece571d223e17d9e8a550089afb6.udd" 2729
"C:/Users/silve/AppData/Local/UnrealEngine/Common/DerivedDataCache/Buckets/LegacyNavCollision/67/8f/c8983ef76acb8bb009f7adf9d3506cb69cbf.udd" 2730
"../../../Engine/Content/EditorMeshes/Camera/SM_RailRig_Mount.uasset" 2731
"C:/Users/silve/AppData/Local/UnrealEngine/Common/DerivedDataCache/Buckets/StaticMesh/bc/44/70806cc69ea2cb5bcd407fc1f7e77865fa02.udd" 2732
"C:/Users/silve/AppData/Local/UnrealEngine/Common/DerivedDataCache/Buckets/LegacyCARD/1b/0e/c3c0d57b5597cd71354e684c910488f7b131.udd" 2733
"C:/Users/silve/AppData/Local/UnrealEngine/Common/DerivedDataCache/Buckets/LegacyNavCollision/88/ac/998f65e8e58b4e21d0deb7f16e0e64d8ce8d.udd" 2734
"../../../Engine/Content/ArtTools/RenderToTexture/Meshes/S_1_Unit_Plane.uasset" 2735
"C:/Users/silve/AppData/Local/UnrealEngine/Common/DerivedDataCache/Buckets/StaticMesh/44/f8/c8f113858f9c38bb8c091a2e016973a9db7f.udd" 2736
"C:/Users/silve/AppData/Local/UnrealEngine/Common/DerivedDataCache/Buckets/LegacyCARD/99/72/5898ae5e8eb3ea3fb8b3de0a25ea2c65594e.udd" 2737
"C:/Users/silve/AppData/Local/UnrealEngine/Common/DerivedDataCache/Buckets/LegacyNavCollision/7b/1e/cd7edf550b92ca5dbd0402fdffcca8f83ca1.udd" 2738
"../../../Engine/Content/EngineDebugMaterials/M_SimpleUnlitTranslucent.uasset" 2739
"../../../Engine/Content/EngineFonts/Roboto.uasset" 2740
"../../../Engine/Content/EngineFonts/Faces/DroidSansFallback.uasset" 2741
"../../../Engine/Content/EngineFonts/Faces/RobotoBold.uasset" 2742
"../../../Engine/Content/EngineFonts/Faces/RobotoBoldItalic.uasset" 2743
"../../../Engine/Content/EngineFonts/Faces/RobotoItalic.uasset" 2744
"../../../Engine/Content/EngineFonts/Faces/RobotoLight.uasset" 2745
"../../../Engine/Content/EngineFonts/Faces/RobotoRegular.uasset" 2746
"../../../Engine/Content/EditorMaterials/ParticleSystems/PSysThumbnail_NoImage.uasset" 2747
"C:/Users/silve/AppData/Local/UnrealEngine/Common/DerivedDataCache/Buckets/BulkDataList/05/44/ac3834e27f9c9fa0225f69b71b57d854e616.udd" 2748
"../../../Engine/Content/EditorMaterials/ParticleSystems/PSysThumbnail_OOD.uasset" 2749
"C:/Users/silve/AppData/Local/UnrealEngine/Common/DerivedDataCache/Buckets/BulkDataList/2a/f4/42f6b41add2f14030f610e6f6657a85e59bc.udd" 2750
"../../../Engine/Content/EditorLandscapeResources/SplineEditorMesh.uasset" 2751
"../../../Engine/Content/EditorLandscapeResources/SplineEditorMeshMat.uasset" 2752
"C:/Users/silve/AppData/Local/UnrealEngine/Common/DerivedDataCache/Buckets/StaticMesh/c3/09/76f94b1e9e37dbb8d7b413339df2fcd7eb4d.udd" 2753
"C:/Users/silve/AppData/Local/UnrealEngine/Common/DerivedDataCache/Buckets/LegacyCARD/aa/92/35d102dfb931018f5e3a0d9614d6bfa49f06.udd" 2754
"C:/Users/silve/AppData/Local/UnrealEngine/Common/DerivedDataCache/Buckets/LegacyNavCollision/6a/96/7a5d6e37ff1abc4f725ada909e8de10ef46e.udd" 2755
"../../../Engine/Content/EditorLandscapeResources/DataLayer.uasset" 2756
"../../../Engine/Content/EditorResources/S_Solver.uasset" 2757
"C:/Users/silve/AppData/Local/UnrealEngine/Common/DerivedDataCache/Buckets/BulkDataList/52/04/cfd7c73bb3efdde92d130c6a0426af941af2.udd" 2758
"../../../Engine/Content/EngineDebugMaterials/VolumeToRender.uasset" 2759
"C:/Users/silve/AppData/Local/UnrealEngine/Common/DerivedDataCache/Buckets/BulkDataList/3f/d3/19507519dca1d34490ba2d082e5682ff8893.udd" 2760
"../../../Engine/Content/EngineDebugMaterials/M_VolumeRenderSphereTracePP.uasset" 2761
"../../../Engine/Content/Functions/Engine_MaterialFunctions02/Utility/CameraDirectionVector.uasset" 2762
"../../../Engine/Content/Internationalization/icudt64l/coll/ucadata.icu" 2763
"../../../Engine/Content/Internationalization/icudt64l/coll/ru.res" 2764
"../../../Engine/Content/Internationalization/icudt64l/coll/root.res" 2765
"../../../Engine/Content/Animation/DefaultAnimBoneCompressionSettings.uasset" 2766
"../../../Engine/Content/Animation/DefaultRecorderBoneCompression.uasset" 2767
"../../../Engine/Content/Animation/DefaultAnimCurveCompressionSettings.uasset" 2768
"../../Plugins/2D/Paper2D/Content/MaskedUnlitSpriteMaterial.uasset" 2769
"../../Plugins/2D/Paper2D/Content/DefaultSpriteMaterial.uasset" 2770
"../../Plugins/2D/Paper2D/Content/PlaceholderTextures/DummySpriteTexture.uasset" 2771
"C:/Users/silve/AppData/Local/UnrealEngine/Common/DerivedDataCache/Buckets/BulkDataList/9f/5c/2cb1079b70131471e6c2bedcc22e34e25e0b.udd" 2772
"../../Plugins/2D/Paper2D/Content/OpaqueUnlitSpriteMaterial.uasset" 2773
"../../Plugins/2D/Paper2D/Content/DefaultPaperTerrainMaterial.uasset" 2774
"../../Plugins/2D/Paper2D/Content/DummySprite.uasset" 2775
"../../Plugins/Animation/ControlRig/Content/Controls/ControlRigXRayMaterial.uasset" 2776
"../../Plugins/Animation/ControlRig/Content/Controls/DefaultGizmoLibraryNormalized.uasset" 2777
"../../Plugins/Animation/ControlRig/Content/M_Manip.uasset" 2778
"../../../Engine/Content/Functions/Engine_MaterialFunctions02/WorldPositionOffset/CameraOffset.uasset" 2779
"../../Plugins/Media/MediaPlate/Content/SM_MediaPlateScreen.uasset" 2780
"C:/Users/silve/AppData/Local/UnrealEngine/Common/DerivedDataCache/Buckets/StaticMesh/c0/ce/8d410818b72c04b9c905d2f9310a6f202b05.udd" 2781
"C:/Users/silve/AppData/Local/UnrealEngine/Common/DerivedDataCache/Buckets/LegacyCARD/0d/f6/127c13ecd77dcdea88d243be2144738d1eb7.udd" 2782
"C:/Users/silve/AppData/Local/UnrealEngine/Common/DerivedDataCache/Buckets/LegacyNavCollision/2e/8c/a8b834b92c165e12538fbe37d19fda76ce59.udd" 2783
"../../Plugins/Editor/SpeedTreeImporter/Content/SpeedTree9/SpeedTreeMaster.uasset" 2784
"../../../Engine/Content/Functions/Engine_MaterialFunctions02/ObjectLocalBounds.uasset" 2785
"../../../Engine/Content/Functions/Engine_MaterialFunctions02/SafeNormalize.uasset" 2786
"../../../Engine/Content/Functions/Engine_MaterialFunctions02/Utility/BreakOutFloat3Components.uasset" 2787
"../../../Engine/Content/Functions/Engine_MaterialFunctions02/Utility/VectorLength.uasset" 2788
"../../../Engine/Content/Functions/Engine_MaterialFunctions02/UVs/BoundingBoxBased_0-1_UVW.uasset" 2789
"../../../Engine/Content/Functions/Engine_MaterialFunctions02/WorldPositionOffset/ObjectScale.uasset" 2790
"../../Plugins/Editor/SpeedTreeImporter/Content/SpeedTree9/SpeedTreeBranchMotion.uasset" 2791
"../../Plugins/Editor/SpeedTreeImporter/Content/SpeedTree9/SpeedTreeWindMotion.uasset" 2792
"../../Plugins/Editor/SpeedTreeImporter/Content/SpeedTree9/game_wind_noise.uasset" 2793
"../../Plugins/Editor/SpeedTreeImporter/Content/SpeedTree9/UnpackDirection.uasset" 2794
"../../Plugins/Editor/SpeedTreeImporter/Content/SpeedTree9/UnpackInteger3.uasset" 2795
"../../Plugins/Editor/SpeedTreeImporter/Content/SpeedTree9/SpeedTreeCameraFacing.uasset" 2796
"../../Plugins/Editor/SpeedTreeImporter/Content/SpeedTree9/SpeedTreeWind.uasset" 2797
"../../Plugins/Editor/SpeedTreeImporter/Content/SpeedTree9/Empty.uasset" 2798
"../../Plugins/Editor/SpeedTreeImporter/Content/SpeedTree9/EmptyNormal.uasset" 2799
"C:/Users/silve/AppData/Local/UnrealEngine/Common/DerivedDataCache/Buckets/BulkDataList/cd/e6/b3ee081ae31e8cb45255eb020dd968e8b11a.udd" 2800
"C:/Users/silve/AppData/Local/UnrealEngine/Common/DerivedDataCache/Buckets/BulkDataList/89/95/9c0ecbd6558fe65dd7b1fa28578c097d243f.udd" 2801
"C:/Users/silve/AppData/Local/UnrealEngine/Common/DerivedDataCache/Buckets/BulkDataList/ea/15/01ebd6011e123397e8a402d2b6d5bae6092d.udd" 2802
"C:/Users/silve/AppData/Local/UnrealEngine/Common/DerivedDataCache/Buckets/BulkDataPayloadId/93/1e/fa687e128aa134c7085da39d1269fafb1746.udd" 2803
"C:/Users/silve/AppData/Local/UnrealEngine/Common/DerivedDataCache/Buckets/BulkDataPayloadId/ac/cc/a6aa9daa7cbf76c8953f7e3d2c201a8a54cb.udd" 2804
"../../Plugins/Editor/SpeedTreeImporter/Content/SpeedTree9/SpeedTreeBillboardMaster.uasset" 2805
"../../Plugins/Editor/SpeedTreeImporter/Content/SpeedTree9/SpeedTreeBillboard.uasset" 2806
"C:/Users/silve/OneDrive/Documents/Unreal Projects/MergeHouses/Saved/Config/WindowsEditor/ObjectMixerSerializedData.ini" 2807
"../../../Engine/Content/EngineMaterials/NaniteHiddenSectionMaterial.uasset" 2808
"../../../Engine/Content/EngineMaterials/RemoveSurfaceMaterial.uasset" 2809
"../../../Engine/Content/EngineDebugMaterials/DebugMeshMaterial.uasset" 2810
"../../../Engine/Content/EngineMaterials/EmissiveMeshMaterial.uasset" 2811
"../../../Engine/Content/EngineMaterials/DefaultWhiteGrid_Low.uasset" 2812
"C:/Users/silve/AppData/Local/UnrealEngine/Common/DerivedDataCache/Buckets/BulkDataList/d7/9b/2ba27be63d5b90004ab0363816a63dd6517a.udd" 2813
"../../../Engine/Content/EngineMaterials/M_InvalidLightmapSettings.uasset" 2814
"../../../Engine/Content/EngineMaterials/InvalidLightmapSettings.uasset" 2815
"C:/Users/silve/AppData/Local/UnrealEngine/Common/DerivedDataCache/Buckets/BulkDataList/35/7c/3283a12d7de6e1be6540e9c6a9d60765b2af.udd" 2816
"../../../Engine/Content/EngineMaterials/GizmoMaterial.uasset" 2817
"../../../Engine/Content/EngineMaterials/PhAT_JointLimitMaterial.uasset" 2818
"../../../Engine/Content/EngineMaterials/FlattenMaterial.uasset" 2819
"../../../Engine/Content/EngineMaterials/BaseFlattenDiffuseMap.uasset" 2820
"../../../Engine/Content/EngineMaterials/BaseFlattenEmissiveMap.uasset" 2821
"../../../Engine/Content/EngineMaterials/BaseFlattenGrayscaleMap.uasset" 2822
"../../../Engine/Content/EngineMaterials/BaseFlattenLinearColor.uasset" 2823
"../../../Engine/Content/EngineMaterials/BaseFlattenNormalMap.uasset" 2824
"../../../Engine/Content/Functions/Engine_MaterialFunctions02/PivotPainter2/Black_1x1_EXR_Texture.uasset" 2825
"C:/Users/silve/AppData/Local/UnrealEngine/Common/DerivedDataCache/Buckets/BulkDataList/22/91/873e03a98c971a2ca3315834e2c8f3bafec4.udd" 2826
"C:/Users/silve/AppData/Local/UnrealEngine/Common/DerivedDataCache/Buckets/BulkDataList/eb/74/2e977fb0811bba7b34c9c194c06fc9685458.udd" 2827
"C:/Users/silve/AppData/Local/UnrealEngine/Common/DerivedDataCache/Buckets/BulkDataList/42/47/e8ee01b719308ad4df64c50c251faeaba147.udd" 2828
"C:/Users/silve/AppData/Local/UnrealEngine/Common/DerivedDataCache/Buckets/BulkDataList/5c/44/41569f89fab9b5242962b21aa2af798239df.udd" 2829
"C:/Users/silve/AppData/Local/UnrealEngine/Common/DerivedDataCache/Buckets/BulkDataList/41/47/56b360b084bcb45dca6bbb585020dc57daad.udd" 2830
"C:/Users/silve/AppData/Local/UnrealEngine/Common/DerivedDataCache/Buckets/BulkDataList/93/91/a64155b3e58453a21476b12d13be01b6010b.udd" 2831
"../../../Engine/Content/EngineMaterials/FlattenMaterial_VT.uasset" 2832
"../../../Engine/Content/EngineMaterials/BaseFlattenDiffuseMap_VT.uasset" 2833
"../../../Engine/Content/EngineMaterials/BaseFlattenEmissiveMap_VT.uasset" 2834
"../../../Engine/Content/EngineMaterials/BaseFlattenGrayscaleMap_VT.uasset" 2835
"../../../Engine/Content/EngineMaterials/BaseFlattenLinearColor_VT.uasset" 2836
"../../../Engine/Content/EngineMaterials/BaseFlattenNormalMap_VT.uasset" 2837
"../../../Engine/Content/EngineMaterials/Black_1x1_EXR_Texture_VT.uasset" 2838
"C:/Users/silve/AppData/Local/UnrealEngine/Common/DerivedDataCache/Buckets/BulkDataList/e3/47/2d4ad9b47f4756963b97c8578048b642514f.udd" 2839
"C:/Users/silve/AppData/Local/UnrealEngine/Common/DerivedDataCache/Buckets/BulkDataList/22/41/dd99d1946be5b95aba50e812dec8b219e08a.udd" 2840
"C:/Users/silve/AppData/Local/UnrealEngine/Common/DerivedDataCache/Buckets/BulkDataList/a4/8f/6d06dada056b85b235f08cfe8245e31415ec.udd" 2841
"C:/Users/silve/AppData/Local/UnrealEngine/Common/DerivedDataCache/Buckets/BulkDataList/a0/3a/ab78abfd75a87fb05e0c2147f302b6aeb0f2.udd" 2842
"C:/Users/silve/AppData/Local/UnrealEngine/Common/DerivedDataCache/Buckets/BulkDataList/71/63/7eb1b378576611ce2ac823bbcad7c5ba093b.udd" 2843
"C:/Users/silve/AppData/Local/UnrealEngine/Common/DerivedDataCache/Buckets/BulkDataList/02/52/f212ebcd9992c996e09ab8ae9d7a9dbfabe8.udd" 2844
"../../../Engine/Content/EngineMaterials/FlattenMaterial_WS_Normal_VT.uasset" 2845
"../../../Engine/Content/EngineMaterials/Good64x64TilingNoiseHighFreq.uasset" 2846
"C:/Users/silve/AppData/Local/UnrealEngine/Common/DerivedDataCache/Buckets/BulkDataList/16/d1/b03ec06bda844f6728197bb212b5cb36e1e7.udd" 2847
"../../../Engine/Content/EngineMaterials/DefaultBokeh.uasset" 2848
"C:/Users/silve/AppData/Local/UnrealEngine/Common/DerivedDataCache/Buckets/BulkDataList/40/bf/ca3ae62f0485e5a91594d71459b8519fd0a0.udd" 2849
"../../../Engine/Content/EngineMaterials/PreintegratedSkinBRDF.uasset" 2850
"C:/Users/silve/AppData/Local/UnrealEngine/Common/DerivedDataCache/Buckets/BulkDataList/78/f9/63876eb54f1e754e13eb4303d68db97b023f.udd" 2851
"../../../Engine/Content/EngineMaterials/MiniFont.uasset" 2852
"C:/Users/silve/AppData/Local/UnrealEngine/Common/DerivedDataCache/Buckets/BulkDataList/21/9e/86b076dd04354b9892c5acfebb01c7b8822f.udd" 2853
"../../../Engine/Content/EngineMaterials/WeightMapPlaceholderTexture.uasset" 2854
"C:/Users/silve/AppData/Local/UnrealEngine/Common/DerivedDataCache/Buckets/BulkDataList/19/b9/227be17c04e8e141bf36e4cd25bdb847c674.udd" 2855
"../../../Engine/Content/EngineMaterials/DefaultWhiteGrid.uasset" 2856
"C:/Users/silve/AppData/Local/UnrealEngine/Common/DerivedDataCache/Buckets/BulkDataList/76/ca/af3483a37dc38ef68e24555685e70a017b3c.udd" 2857
"../../../Engine/Content/EngineMaterials/DefaultPhysicalMaterial.uasset" 2858
"../../../Engine/Content/EngineMaterials/DefaultDestructiblePhysicalMaterial.uasset" 2859
"../../../Engine/Content/EditorLandscapeResources/DefaultAlphaTexture.uasset" 2860
"C:/Users/silve/AppData/Local/UnrealEngine/Common/DerivedDataCache/Buckets/BulkDataList/f4/6e/cd91d4fa05cf3e4c7562194a46df8373dc9c.udd" 2861
"../../../Engine/Content/EditorResources/S_Terrain.uasset" 2862
"C:/Users/silve/AppData/Local/UnrealEngine/Common/DerivedDataCache/Buckets/BulkDataList/14/af/915188b15b5065de7c6184f447648f1e597a.udd" 2863
"../../../Engine/Content/BasicShapes/Cube.uasset" 2864
"C:/Users/silve/AppData/Local/UnrealEngine/Common/DerivedDataCache/Buckets/StaticMesh/d0/87/3a7844fcc6f7acf0b3497820d22ebab8aff6.udd" 2865
"../../../Engine/Content/BasicShapes/Sphere.uasset" 2866
"C:/Users/silve/AppData/Local/UnrealEngine/Common/DerivedDataCache/Buckets/LegacyCARD/f1/74/41061f73f27fc480cdaf75e1bab18576b442.udd" 2867
"../../../Engine/Content/EngineMaterials/DefaultMaterial.uasset" 2868
"C:/Users/silve/AppData/Local/UnrealEngine/Common/DerivedDataCache/Buckets/LegacyNavCollision/a3/5d/17c0ef4f80c72b6f5eaf396b83522028570c.udd" 2869
"C:/Users/silve/AppData/Local/UnrealEngine/Common/DerivedDataCache/Buckets/StaticMesh/c8/bb/8861edfb9c01f884f03426027ed2f7d4ed4f.udd" 2870
"../../../Engine/Content/BasicShapes/Cylinder.uasset" 2871
"C:/Users/silve/AppData/Local/UnrealEngine/Common/DerivedDataCache/Buckets/LegacyCARD/da/3e/6652592bb05bf60d86dd34fb0012acf78a8b.udd" 2872
"C:/Users/silve/AppData/Local/UnrealEngine/Common/DerivedDataCache/Buckets/StaticMesh/14/a9/551c7ddc4c75cc8c885d6dc71bbb7b433c52.udd" 2873
"../../../Engine/Content/BasicShapes/Cone.uasset" 2874
"C:/Users/silve/AppData/Local/UnrealEngine/Common/DerivedDataCache/Buckets/LegacyNavCollision/89/c8/a2c1d075814a56cbc52be63061bc7ee51c8c.udd" 2875
"C:/Users/silve/AppData/Local/UnrealEngine/Common/DerivedDataCache/Buckets/LegacyCARD/3c/33/de9705b03a256acc2c276b7d582fa0ad99a1.udd" 2876
"C:/Users/silve/AppData/Local/UnrealEngine/Common/DerivedDataCache/Buckets/StaticMesh/3f/69/e993a442137f04ae875576b4a0e0c0c73be6.udd" 2877
"../../../Engine/Content/BasicShapes/Plane.uasset" 2878
"C:/Users/silve/AppData/Local/UnrealEngine/Common/DerivedDataCache/Buckets/LegacyCARD/b6/e9/ad1ddc7e92d7d2c556d73c99464d8399171c.udd" 2879
"C:/Users/silve/AppData/Local/UnrealEngine/Common/DerivedDataCache/Buckets/LegacyNavCollision/48/99/b1a68249c0eee755897c31b2dfd2fb18102a.udd" 2880
"C:/Users/silve/AppData/Local/UnrealEngine/Common/DerivedDataCache/Buckets/StaticMesh/b9/9d/24c4f0e661dd47203985c38c77aeeea46e53.udd" 2881
"C:/Users/silve/AppData/Local/UnrealEngine/Common/DerivedDataCache/Buckets/LegacyNavCollision/01/a1/b809e71f553ba8cefae7d9e16079562c31c4.udd" 2882
"C:/Users/silve/AppData/Local/UnrealEngine/Common/DerivedDataCache/Buckets/LegacyCARD/17/a8/abb5a1807a3949cb1b602d53541feed462d4.udd" 2883
"C:/Users/silve/AppData/Local/UnrealEngine/Common/DerivedDataCache/Buckets/LegacyNavCollision/10/f9/27162023d41b1d51a8ba171eb0fafcc3d901.udd" 2884
"../../Plugins/Runtime/MeshModelingToolset/Content/Materials/M_DynamicMeshComponentVtxColor.uasset" 2885
"../../Plugins/FX/Niagara/Content/ParameterDefinitions/SpriteRenderer.uasset" 2886
"../../Plugins/FX/Niagara/Content/ParameterDefinitions/RibbonRenderer.uasset" 2887
"../../Plugins/FX/Niagara/Content/ParameterDefinitions/MeshRenderer.uasset" 2888
"../../Plugins/FX/Niagara/Content/ParameterDefinitions/LightRenderer.uasset" 2889
"../../Plugins/FX/Niagara/Content/ParameterDefinitions/DecalRenderer.uasset" 2890
"../../Plugins/FX/Niagara/Content/ParameterDefinitions/CoreParameters.uasset" 2891
"../../../Engine/Content/EditorResources/SequenceRecorder/Countdown.uasset" 2892
"C:/Users/silve/AppData/Local/UnrealEngine/Common/DerivedDataCache/Buckets/BulkDataList/dd/55/242485c9498aebf93e13848f0537457f21e5.udd" 2893
"../../../Engine/Content/EditorResources/SequenceRecorder/RecordingIndicator.uasset" 2894
"C:/Users/silve/AppData/Local/UnrealEngine/Common/DerivedDataCache/Buckets/BulkDataList/ae/97/4c65a1dfe896e7f1d565cd1b65160245dfd1.udd" 2895
"../../../Engine/Content/EditorMaterials/PhAT_UnselectedMaterial.uasset" 2896
"../../../Engine/Content/EditorMaterials/PhAT_NoCollisionMaterial.uasset" 2897
"../../../Engine/Shaders/Public/Platform/Vulkan/VulkanCommon.ush" 2898
"../../../Engine/Shaders/Public/Platform/Vulkan/VulkanSubpassSupport.ush" 2899
"C:/Users/silve/OneDrive/Documents/Unreal Projects/MergeHouses/Intermediate/ShaderAutogen/VULKAN_ES3_1_ANDROID/AutogenShaderHeaders.ush" 2900
"C:/Users/silve/AppData/Local/Temp/UnrealShaderWorkingDir/676B283D4FCE94C0513FBE857EB3970A/5/WorkerOutputOnly.out" 2901
"C:/Users/silve/AppData/Local/Temp/UnrealShaderWorkingDir/676B283D4FCE94C0513FBE857EB3970A/7/WorkerOutputOnly.out" 2902
"C:/Users/silve/AppData/Local/Temp/UnrealShaderWorkingDir/676B283D4FCE94C0513FBE857EB3970A/6/WorkerOutputOnly.out" 2903
"C:/Users/silve/AppData/Local/Temp/UnrealShaderWorkingDir/676B283D4FCE94C0513FBE857EB3970A/9/WorkerOutputOnly.out" 2904
"C:/Users/silve/AppData/Local/Temp/UnrealShaderWorkingDir/676B283D4FCE94C0513FBE857EB3970A/2/WorkerOutputOnly.out" 2905
"C:/Users/silve/AppData/Local/Temp/UnrealShaderWorkingDir/676B283D4FCE94C0513FBE857EB3970A/3/WorkerOutputOnly.out" 2906
"C:/Users/silve/AppData/Local/Temp/UnrealShaderWorkingDir/676B283D4FCE94C0513FBE857EB3970A/0/WorkerOutputOnly.out" 2907
"C:/Users/silve/AppData/Local/Temp/UnrealShaderWorkingDir/676B283D4FCE94C0513FBE857EB3970A/11/WorkerOutputOnly.out" 2908
"C:/Users/silve/AppData/Local/Temp/UnrealShaderWorkingDir/676B283D4FCE94C0513FBE857EB3970A/4/WorkerOutputOnly.out" 2909
"C:/Users/silve/AppData/Local/Temp/UnrealShaderWorkingDir/676B283D4FCE94C0513FBE857EB3970A/8/WorkerOutputOnly.out" 2910
"C:/Users/silve/AppData/Local/Temp/UnrealShaderWorkingDir/676B283D4FCE94C0513FBE857EB3970A/10/WorkerOutputOnly.out" 2911
"C:/Users/silve/AppData/Local/Temp/UnrealShaderWorkingDir/676B283D4FCE94C0513FBE857EB3970A/12/WorkerOutputOnly.out" 2912
"C:/Users/silve/AppData/Local/Temp/UnrealShaderWorkingDir/676B283D4FCE94C0513FBE857EB3970A/1/WorkerOutputOnly.out" 2913
"../../../Engine/Shaders/Public/Platform/GL/GLCommon.ush" 2914
"../../../Engine/Shaders/Public/Platform/GL/GLSubpassSupport.ush" 2915
"C:/Users/silve/OneDrive/Documents/Unreal Projects/MergeHouses/Intermediate/ShaderAutogen/OPENGL_ES3_1_ANDROID/AutogenShaderHeaders.ush" 2916
"../../../Engine/Content/EngineMaterials/STBlueNoise_scalar_128x128x64.uasset" 2917
"../../../Engine/Content/EngineMaterials/STBlueNoise_vec2_128x128x64.uasset" 2918
"../../../Engine/Content/EngineSounds/Master.uasset" 2919
"../../../Engine/Content/EditorResources/BSPVertex.uasset" 2920
"../../../Engine/Content/EngineDebugMaterials/DebugEditorMaterial.uasset" 2921
"../../../Engine/Content/EngineMaterials/DefaultBloomKernel.uasset" 2922
"C:/Users/silve/OneDrive/Documents/Unreal Projects/MergeHouses/Content/Input/Actions/IA_Move.uasset" 2923
"C:/Users/silve/OneDrive/Documents/Unreal Projects/MergeHouses/Content/Assets/Sound/SFX/Merge3_Cutted.uasset" 2924
"C:/Users/silve/OneDrive/Documents/Unreal Projects/MergeHouses/Content/Blueprints/UMG_GameOverWidget.uasset" 2925
"C:/Users/silve/OneDrive/Documents/Unreal Projects/MergeHouses/Content/Assets/Sound/SFX/Move2.uasset" 2926
"C:/Users/silve/OneDrive/Documents/Unreal Projects/MergeHouses/Content/Assets/Sound/SFX/Lose2.uasset" 2927
"C:/Users/silve/OneDrive/Documents/Unreal Projects/MergeHouses/Content/Assets/Sound/SFX/Click_Cutted.uasset" 2928
"C:/Users/silve/OneDrive/Documents/Unreal Projects/MergeHouses/Content/Assets/Sound/BGM/BGM_Loop.uasset" 2929
"C:/Users/silve/OneDrive/Documents/Unreal Projects/MergeHouses/Content/Assets/Meshes/TableTopBoard/Wood.uasset" 2930
"C:/Users/silve/OneDrive/Documents/Unreal Projects/MergeHouses/Content/Assets/Meshes/TableTopBoard/TableTopBoard_Skeleton.uasset" 2931
"C:/Users/silve/OneDrive/Documents/Unreal Projects/MergeHouses/Content/Assets/Meshes/TableTopBoard/TableTopBoard_PhysicsAsset.uasset" 2932
"C:/Users/silve/OneDrive/Documents/Unreal Projects/MergeHouses/Content/Assets/Meshes/Table/Material_001.uasset" 2933
"../../../Engine/Plugins/Interchange/Runtime/Content/Pipelines/DefaultMaterialPipeline.uasset" 2934
"../../../Engine/Plugins/Animation/ControlRig/Content/Controls/ControlRigGizmoMaterial.uasset" 2935
"C:/Users/silve/OneDrive/Documents/Unreal Projects/MergeHouses/Content/Assets/Sound/SFX/Move.uasset" 2936
"../../../Engine/Content/EngineResources/FilmGrains/Marcie_Grain_v3_128_M2_000.uasset" 2937
"../../../Engine/Plugins/Interchange/Runtime/Content/Pipelines/DefaultSceneLevelPipeline.uasset" 2938
"../../../Engine/Plugins/Interchange/Runtime/Content/Pipelines/DefaultTexturePipeline.uasset" 2939
"../../../Engine/Plugins/Interchange/Runtime/Content/Pipelines/DefaultAssetsPipeline.uasset" 2940
"../../../Engine/Plugins/Interchange/Runtime/Content/Pipelines/DefaultSceneAssetsPipeline.uasset" 2941
"C:/Users/silve/OneDrive/Documents/Unreal Projects/MergeHouses/Content/Assets/Meshes/House/Wood.uasset" 2942
"C:/Users/silve/OneDrive/Documents/Unreal Projects/MergeHouses/Content/Assets/Sound/SFX/Merge2.uasset" 2943
"C:/Users/silve/OneDrive/Documents/Unreal Projects/MergeHouses/Content/Assets/Meshes/House/stone.uasset" 2944
"C:/Users/silve/OneDrive/Documents/Unreal Projects/MergeHouses/Content/Assets/Sound/SFX/Merge2_Cutted.uasset" 2945
"C:/Users/silve/OneDrive/Documents/Unreal Projects/MergeHouses/Content/Assets/Sound/SFX/Merge.uasset" 2946
"C:/Users/silve/OneDrive/Documents/Unreal Projects/MergeHouses/Content/Assets/Sound/SFX/Lose.uasset" 2947
"C:/Users/silve/OneDrive/Documents/Unreal Projects/MergeHouses/Content/Assets/Meshes/House/Stick.uasset" 2948
"C:/Users/silve/OneDrive/Documents/Unreal Projects/MergeHouses/Content/Assets/Meshes/House/M_Wood.uasset" 2949
"C:/Users/silve/OneDrive/Documents/Unreal Projects/MergeHouses/Content/Assets/Meshes/House/M_TowerBell.uasset" 2950
"C:/Users/silve/OneDrive/Documents/Unreal Projects/MergeHouses/Content/Assets/Meshes/House/M_Stone_001.uasset" 2951
"C:/Users/silve/OneDrive/Documents/Unreal Projects/MergeHouses/Content/Assets/Meshes/House/M_Wood_001.uasset" 2952
"C:/Users/silve/OneDrive/Documents/Unreal Projects/MergeHouses/Content/Assets/Meshes/House/M_Stone.uasset" 2953
"C:/Users/silve/AppData/Local/UnrealEngine/Common/DerivedDataCache/Buckets/BulkDataList/32/28/d0e61a6951cf986591c3a73c775d41582770.udd" 2954
"C:/Users/silve/OneDrive/Documents/Unreal Projects/MergeHouses/Content/Assets/Meshes/House/M_Window_Shadow_001.uasset" 2955
"C:/Users/silve/AppData/Local/UnrealEngine/Common/DerivedDataCache/Buckets/BulkDataList/e9/46/d15354cac2b5fa1e040f8464123673f59206.udd" 2956
"C:/Users/silve/OneDrive/Documents/Unreal Projects/MergeHouses/Content/Assets/Meshes/House/M_Window_Shadow.uasset" 2957
"C:/Users/silve/OneDrive/Documents/Unreal Projects/MergeHouses/Content/Assets/Meshes/House/M_Roof.uasset" 2958
"C:/Users/silve/AppData/Local/UnrealEngine/Common/DerivedDataCache/Buckets/BulkDataList/f2/d9/48826cc84131daf1daca5d7993f509696d0e.udd" 2959
"C:/Users/silve/OneDrive/Documents/Unreal Projects/MergeHouses/Content/Assets/Meshes/House/M_Glass.uasset" 2960
"C:/Users/silve/OneDrive/Documents/Unreal Projects/MergeHouses/Content/Assets/Meshes/House/M_Rope.uasset" 2961
"C:/Users/silve/AppData/Local/UnrealEngine/Common/DerivedDataCache/Buckets/BulkDataList/d6/ed/40093054711c1a5c377a7a07dcc2265e1ae2.udd" 2962
"C:/Users/silve/OneDrive/Documents/Unreal Projects/MergeHouses/Content/Assets/Meshes/House/M_DoorMetal.uasset" 2963
"C:/Users/silve/OneDrive/Documents/Unreal Projects/MergeHouses/Content/Assets/Meshes/House/M_Roof_001.uasset" 2964
"C:/Users/silve/OneDrive/Documents/Unreal Projects/MergeHouses/Content/Assets/Meshes/House/M_Glass_001.uasset" 2965
"C:/Users/silve/OneDrive/Documents/Unreal Projects/MergeHouses/Content/Assets/Meshes/House/M_DarkWood_001.uasset" 2966
"C:/Users/silve/OneDrive/Documents/Unreal Projects/MergeHouses/Content/Assets/Meshes/House/M_DarkWood.uasset" 2967
"C:/Users/silve/AppData/Local/UnrealEngine/Common/DerivedDataCache/Buckets/BulkDataList/bb/a0/5640086da13f34199898a0d2b632b73d989c.udd" 2968
"C:/Users/silve/OneDrive/Documents/Unreal Projects/MergeHouses/Content/Assets/Meshes/House/M_Concrete.uasset" 2969
"C:/Users/silve/AppData/Local/UnrealEngine/Common/DerivedDataCache/Buckets/BulkDataList/4a/dd/bd0f4f8e08a0e0468b5965c53d7bf8394e23.udd" 2970
"C:/Users/silve/OneDrive/Documents/Unreal Projects/MergeHouses/Content/Assets/Meshes/House/Material_001.uasset" 2971
"C:/Users/silve/OneDrive/Documents/Unreal Projects/MergeHouses/Content/Assets/Meshes/House/M_Concrete_001.uasset" 2972
"C:/Users/silve/AppData/Local/UnrealEngine/Common/DerivedDataCache/Buckets/BulkDataList/d9/76/26d6f682fb3e9a1bf7f24743376e17fd427a.udd" 2973
"C:/Users/silve/AppData/Local/UnrealEngine/Common/DerivedDataCache/Buckets/LegacyTEXTURE/21/8c/64276760ca8109e4715bc7d3bb66d250c2fc.udd" 2974
"C:/Users/silve/AppData/Local/UnrealEngine/Common/DerivedDataCache/Buckets/LegacyTEXTURE/6e/98/204e3f5729434255ca6af7095a14d0c35021.udd" 2975
"C:/Users/silve/AppData/Local/UnrealEngine/Common/DerivedDataCache/Buckets/LegacyTEXTURE/a7/62/843c8924340d2421ac554e54bc06c6bce6d3.udd" 2976
"C:/Users/silve/AppData/Local/UnrealEngine/Common/DerivedDataCache/Buckets/LegacyTEXTURE/a5/97/f2eafbef19bf84b5e18c844f798ca4aa667f.udd" 2977
"C:/Users/silve/AppData/Local/UnrealEngine/Common/DerivedDataCache/Buckets/LegacyTEXTURE/5f/32/0599a9ce8597062fecb0e4ee69226eff23ad.udd" 2978
"C:/Users/silve/AppData/Local/UnrealEngine/Common/DerivedDataCache/Buckets/LegacyTEXTURE/85/83/87fb44f1c70a09397c1652c369f565274322.udd" 2979
"C:/Users/silve/OneDrive/Documents/Unreal Projects/MergeHouses/Content/Assets/Meshes/House/Material.uasset" 2980
"C:/Users/silve/AppData/Local/UnrealEngine/Common/DerivedDataCache/Buckets/BulkDataList/5f/d1/1454bea41f9d0db300c6c5677cc0e6529a32.udd" 2981
"C:/Users/silve/AppData/Local/UnrealEngine/Common/DerivedDataCache/Buckets/BulkDataList/69/6f/b85497f4be7b36455e06fde15a4e47201816.udd" 2982
"C:/Users/silve/AppData/Local/UnrealEngine/Common/DerivedDataCache/Buckets/BulkDataList/29/4f/dfd8db617f438fa2a9c02f3223623b79cc71.udd" 2983
"C:/Users/silve/OneDrive/Documents/Unreal Projects/MergeHouses/Content/Assets/Meshes/House/DarkWood.uasset" 2984
"C:/Users/silve/OneDrive/Documents/Unreal Projects/MergeHouses/Content/Assets/Meshes/House/Glass.uasset" 2985
"C:/Users/silve/OneDrive/Documents/Unreal Projects/MergeHouses/Content/Assets/Meshes/House/Aim_White.uasset" 2986
"C:/Users/silve/OneDrive/Documents/Unreal Projects/MergeHouses/Content/Assets/Meshes/House/Concrete.uasset" 2987
"C:/Users/silve/OneDrive/Documents/Unreal Projects/MergeHouses/Content/Assets/Meshes/House/Aim_Red.uasset" 2988
"C:/Users/silve/OneDrive/Documents/Unreal Projects/MergeHouses/Content/Assets/Meshes/Foundation/Wood.uasset" 2989
"C:/Users/silve/OneDrive/Documents/Unreal Projects/MergeHouses/Content/Assets/Meshes/Foundation/stone.uasset" 2990
"C:/Users/silve/OneDrive/Documents/Unreal Projects/MergeHouses/Content/Assets/Meshes/Foundation/Rope.uasset" 2991
"C:/Users/silve/OneDrive/Documents/Unreal Projects/MergeHouses/Content/Assets/Meshes/Foundation/M_Wood.uasset" 2992
"C:/Users/silve/OneDrive/Documents/Unreal Projects/MergeHouses/Content/Assets/Meshes/Foundation/M_Stone.uasset" 2993
"C:/Users/silve/OneDrive/Documents/Unreal Projects/MergeHouses/Content/Assets/Meshes/Foundation/Material_001.uasset" 2994
"C:/Users/silve/OneDrive/Documents/Unreal Projects/MergeHouses/Content/Assets/Meshes/Foundation/M_Rope.uasset" 2995
"C:/Users/silve/AppData/Local/UnrealEngine/Common/DerivedDataCache/Buckets/LegacyTEXTURE/61/13/4a71ab0de42a96f1632712308f779586a218.udd" 2996
"C:/Users/silve/OneDrive/Documents/Unreal Projects/MergeHouses/Content/Assets/Meshes/Foundation/Glass.uasset" 2997
"C:/Users/silve/AppData/Local/UnrealEngine/Common/DerivedDataCache/Buckets/LegacyTEXTURE/0a/a5/03e56e3f499802596c92e67145ee85f73e3a.udd" 2998
"C:/Users/silve/OneDrive/Documents/Unreal Projects/MergeHouses/Content/Assets/Meshes/Foundation/Concrete.uasset" 2999
"C:/Users/silve/OneDrive/Documents/Unreal Projects/MergeHouses/Content/Assets/Meshes/Foundation/DarkWood.uasset" 3000
"C:/Users/silve/AppData/Local/UnrealEngine/Common/DerivedDataCache/Buckets/LegacyTEXTURE/90/04/9bff57e43d85bc2d3ed9113fa7eeca7dcd41.udd" 3001
"C:/Users/silve/AppData/Local/UnrealEngine/Common/DerivedDataCache/Buckets/LegacyTEXTURE/37/cc/04dc0e056eabcd5cb75213dfc517acbe9606.udd" 3002
"C:/Users/silve/AppData/Local/UnrealEngine/Common/DerivedDataCache/Buckets/LegacyAudio/e2/94/ecfb697c8762a471de55e9925f8b17036762.udd" 3003
"C:/Users/silve/AppData/Local/UnrealEngine/Common/DerivedDataCache/Buckets/LegacyAudio/92/d7/2f362d8290915f78cf4c56051f833edfe20b.udd" 3004
"C:/Users/silve/AppData/Local/UnrealEngine/Common/DerivedDataCache/Buckets/LegacyAudio/f8/bb/d5d451dcfabd323ac56687694d1fa51117bf.udd" 3005
"C:/Users/silve/AppData/Local/UnrealEngine/Common/DerivedDataCache/Buckets/LegacyAudio/e0/3f/7e1c4c1df19fb357234f3cdece865b8546ea.udd" 3006
"C:/Users/silve/AppData/Local/UnrealEngine/Common/DerivedDataCache/Buckets/LegacyAudio/88/76/909c1a90f20eb94521128714c7488bca290f.udd" 3007
"C:/Users/silve/AppData/Local/UnrealEngine/Common/DerivedDataCache/Content/09/94/644111e710e0e35980ff39fe7a2f2c85b999.udd" 3008
"C:/Users/silve/AppData/Local/UnrealEngine/Common/DerivedDataCache/Buckets/LegacyAudio/03/c6/4f75217b53dade93158cc3678a1469c324b8.udd" 3009
"C:/Users/silve/AppData/Local/UnrealEngine/Common/DerivedDataCache/Buckets/LegacyAudio/1b/ee/eb0ae34e4bfe86e299bb043b3387bd3eed8d.udd" 3010
"C:/Users/silve/AppData/Local/UnrealEngine/Common/DerivedDataCache/Buckets/LegacyAudio/43/a4/39d4e590cd01416eaab8ae45af05063e328c.udd" 3011
"C:/Users/silve/AppData/Local/UnrealEngine/Common/DerivedDataCache/Buckets/LegacyAudio/51/e5/e3285fbd20ed5fc4a7d2d948e839ded8b89f.udd" 3012
"C:/Users/silve/AppData/Local/UnrealEngine/Common/DerivedDataCache/Buckets/LegacySTREAMEDAUDIO/1c/82/cd32992300b5f14f5203f60b750f9d0256bf.udd" 3013
"C:/Users/silve/AppData/Local/UnrealEngine/Common/DerivedDataCache/Buckets/LegacyTEXTURE/d9/86/a511ebb14a00382cce20a2a79d36d47d2e9e.udd" 3014
"C:/Users/silve/AppData/Local/UnrealEngine/Common/DerivedDataCache/Buckets/LegacySTREAMEDAUDIO/d3/9f/396958c0dff1cebd84868ed2ed1e8f31859d.udd" 3015
"C:/Users/silve/AppData/Local/UnrealEngine/Common/DerivedDataCache/Buckets/LegacySTREAMEDAUDIO/a8/23/22618b70501cda52d848cce64e6bc4250898.udd" 3016
"C:/Users/silve/AppData/Local/UnrealEngine/Common/DerivedDataCache/Buckets/LegacyAudio/e9/24/baaaeb1e77d416b92fc0fcacfa70c556694f.udd" 3017
"C:/Users/silve/AppData/Local/UnrealEngine/Common/DerivedDataCache/Buckets/LegacySTREAMEDAUDIO/cd/2e/b7dbfd25d1fa50dcffc81a68c22ca01c9405.udd" 3018
"C:/Users/silve/AppData/Local/UnrealEngine/Common/DerivedDataCache/Buckets/LegacySTREAMEDAUDIO/01/bb/2038b56f5404985231375bc215f6f5674d9a.udd" 3019
"C:/Users/silve/AppData/Local/UnrealEngine/Common/DerivedDataCache/Buckets/LegacySTREAMEDAUDIO/02/7b/08310931c7ce68923cf639a74b86b78c7f22.udd" 3020
"C:/Users/silve/AppData/Local/UnrealEngine/Common/DerivedDataCache/Buckets/LegacySTREAMEDAUDIO/5b/7d/dd793819c0ae1d0b6a8c0554b45ec3539987.udd" 3021
"C:/Users/silve/AppData/Local/UnrealEngine/Common/DerivedDataCache/Buckets/LegacySTREAMEDAUDIO/16/49/19246c697013f9637b20836d75811d36a078.udd" 3022
"C:/Users/silve/AppData/Local/UnrealEngine/Common/DerivedDataCache/Buckets/LegacySTREAMEDAUDIO/79/28/76d1fb707bf98d0235655110927378a25798.udd" 3023
"C:/Users/silve/AppData/Local/UnrealEngine/Common/DerivedDataCache/Buckets/LegacySTREAMEDAUDIO/b3/c5/14fe1193b26649ac4109b3dd6b547ecd6c7f.udd" 3024
"C:/Users/silve/AppData/Local/UnrealEngine/Common/DerivedDataCache/Buckets/LegacySTREAMEDAUDIO/6a/95/f9f0964d024131d6e934ef11c453f15e550e.udd" 3025
"C:/Users/silve/AppData/Local/UnrealEngine/Common/DerivedDataCache/Buckets/LegacySTREAMEDAUDIO/06/5a/2096748e19ec4eeb4800a064ad694bbb0e45.udd" 3026
"C:/Users/silve/AppData/Local/UnrealEngine/Common/DerivedDataCache/Buckets/LegacySTREAMEDAUDIO/b4/ad/61ad68b5324c90c01525d26d4b7ad60a16f1.udd" 3027
"C:/Users/silve/AppData/Local/UnrealEngine/Common/DerivedDataCache/Buckets/LegacySTREAMEDAUDIO/ec/17/9df630917e4542dd0e920922ab12d7c9fc7d.udd" 3028
"C:/Users/silve/AppData/Local/UnrealEngine/Common/DerivedDataCache/Buckets/LegacySTREAMEDAUDIO/55/20/c06ea7bf992038315444a2e2293fd9e6dde9.udd" 3029
"C:/Users/silve/AppData/Local/UnrealEngine/Common/DerivedDataCache/Buckets/LegacySTREAMEDAUDIO/7f/97/18367e80902bf0ece05ee9838d53189c93c9.udd" 3030
"C:/Users/silve/AppData/Local/UnrealEngine/Common/DerivedDataCache/Buckets/LegacySTREAMEDAUDIO/e2/71/eb0b1f1b1de1eb74072b9c398879f18c5de3.udd" 3031
"C:/Users/silve/AppData/Local/UnrealEngine/Common/DerivedDataCache/Buckets/LegacySTREAMEDAUDIO/c4/ea/71a9df81c7f954fd3cc25b401d229efb5563.udd" 3032
"C:/Users/silve/AppData/Local/UnrealEngine/Common/DerivedDataCache/Buckets/LegacySTREAMEDAUDIO/dd/35/2b0d5062605527ff5d4c3ba208e7844e0cad.udd" 3033
"C:/Users/silve/AppData/Local/UnrealEngine/Common/DerivedDataCache/Buckets/LegacySTREAMEDAUDIO/0d/cd/0e7dc195f20bb58caa7166a571b4bc463031.udd" 3034
"C:/Users/silve/AppData/Local/UnrealEngine/Common/DerivedDataCache/Buckets/LegacySTREAMEDAUDIO/dd/fd/66860cd3b4404e4926c5b370b9a0b55a873c.udd" 3035
"C:/Users/silve/AppData/Local/UnrealEngine/Common/DerivedDataCache/Buckets/LegacySTREAMEDAUDIO/1b/f4/508658983aac7ff160e1257d7621fb5e0680.udd" 3036
"C:/Users/silve/OneDrive/Documents/Unreal Projects/MergeHouses/Content/Assets/Meshes/Dioramas/M_Yellow.uasset" 3037
"C:/Users/silve/OneDrive/Documents/Unreal Projects/MergeHouses/Content/Assets/Meshes/Dioramas/M_Wood_001.uasset" 3038
"C:/Users/silve/OneDrive/Documents/Unreal Projects/MergeHouses/Content/Assets/Meshes/Dioramas/M_Wood.uasset" 3039
"C:/Users/silve/OneDrive/Documents/Unreal Projects/MergeHouses/Content/Assets/Meshes/Dioramas/M_Window_Shadow.uasset" 3040
"C:/Users/silve/OneDrive/Documents/Unreal Projects/MergeHouses/Content/Assets/Meshes/Dioramas/M_White.uasset" 3041
"C:/Users/silve/OneDrive/Documents/Unreal Projects/MergeHouses/Content/Assets/Meshes/Dioramas/M_Vase.uasset" 3042
"C:/Users/silve/OneDrive/Documents/Unreal Projects/MergeHouses/Content/Assets/Meshes/Dioramas/M_Stone_001.uasset" 3043
"C:/Users/silve/OneDrive/Documents/Unreal Projects/MergeHouses/Content/Assets/Meshes/Dioramas/M_Stone.uasset" 3044
"C:/Users/silve/AppData/Local/UnrealEngine/Common/DerivedDataCache/Buckets/LegacySTREAMEDAUDIO/c4/0b/810f2feaeb14ea6e69f34a777f15addb3e1e.udd" 3045
"C:/Users/silve/AppData/Local/UnrealEngine/Common/DerivedDataCache/Buckets/LegacySTREAMEDAUDIO/8c/c2/e8cc7e558343e66016fb045a70b64a490605.udd" 3046
"C:/Users/silve/AppData/Local/UnrealEngine/Common/DerivedDataCache/Buckets/LegacySTREAMEDAUDIO/cf/26/0944c8f47a8b196cbe36b3eb463ba2e88dc3.udd" 3047
"C:/Users/silve/OneDrive/Documents/Unreal Projects/MergeHouses/Content/Assets/Meshes/Dioramas/M_Stick.uasset" 3048
"C:/Users/silve/AppData/Local/UnrealEngine/Common/DerivedDataCache/Buckets/LegacySTREAMEDAUDIO/86/04/abf3644715ad51d5b5cf8705be2c0e62ecff.udd" 3049
"C:/Users/silve/AppData/Local/UnrealEngine/Common/DerivedDataCache/Buckets/LegacySTREAMEDAUDIO/77/c6/ae21fca7587bc432442f341657356097028a.udd" 3050
"C:/Users/silve/AppData/Local/UnrealEngine/Common/DerivedDataCache/Buckets/LegacySTREAMEDAUDIO/e4/3c/8c2c240c2d756a36ae76b6e37ce4a75f8df6.udd" 3051
"C:/Users/silve/AppData/Local/UnrealEngine/Common/DerivedDataCache/Buckets/LegacySTREAMEDAUDIO/a3/6b/40a91db75ba4edc3dd58cbc2bacddc9a6626.udd" 3052
"C:/Users/silve/AppData/Local/UnrealEngine/Common/DerivedDataCache/Buckets/LegacySTREAMEDAUDIO/ca/86/871b5b451ef54735802d79fd310b37dbd2f2.udd" 3053
"C:/Users/silve/AppData/Local/UnrealEngine/Common/DerivedDataCache/Buckets/LegacySTREAMEDAUDIO/92/4c/a96191e15bab69d375bfcf8c81caaa7565c3.udd" 3054
"C:/Users/silve/AppData/Local/UnrealEngine/Common/DerivedDataCache/Buckets/LegacySTREAMEDAUDIO/34/7a/0e63c611db6e2daa40ca9b7fcfbaaca4a0b6.udd" 3055
"C:/Users/silve/OneDrive/Documents/Unreal Projects/MergeHouses/Content/Assets/Meshes/Dioramas/M_Sand.uasset" 3056
"C:/Users/silve/AppData/Local/UnrealEngine/Common/DerivedDataCache/Buckets/LegacySTREAMEDAUDIO/5f/51/ca09cbd3b0e00906d8a92435a70edd6c5c00.udd" 3057
"C:/Users/silve/AppData/Local/UnrealEngine/Common/DerivedDataCache/Buckets/LegacySTREAMEDAUDIO/d7/c3/4f1c730e57a29d4f9da27bef2693cc7caa45.udd" 3058
"C:/Users/silve/AppData/Local/UnrealEngine/Common/DerivedDataCache/Buckets/LegacySTREAMEDAUDIO/f8/89/95e0303a31aea2dfab8bb46bc4ea2de93908.udd" 3059
"C:/Users/silve/AppData/Local/UnrealEngine/Common/DerivedDataCache/Buckets/LegacySTREAMEDAUDIO/e7/23/0809a7870876820ad02077eb224fa93019e7.udd" 3060
"C:/Users/silve/AppData/Local/UnrealEngine/Common/DerivedDataCache/Buckets/LegacySTREAMEDAUDIO/ab/44/92bb7b1f21403cdbaf5315abbc7cb1d8175f.udd" 3061
"C:/Users/silve/AppData/Local/UnrealEngine/Common/DerivedDataCache/Buckets/LegacySTREAMEDAUDIO/9d/d8/54dc32f68190d2cb915eadb7a7de9deb32d9.udd" 3062
"C:/Users/silve/AppData/Local/UnrealEngine/Common/DerivedDataCache/Buckets/LegacySTREAMEDAUDIO/8f/f2/e256e04772b55e66c06f82d7dba1941fd243.udd" 3063
"C:/Users/silve/AppData/Local/UnrealEngine/Common/DerivedDataCache/Buckets/LegacySTREAMEDAUDIO/d9/d1/7fc765b5b5acd8262ff9f16a0410f847aaab.udd" 3064
"C:/Users/silve/AppData/Local/UnrealEngine/Common/DerivedDataCache/Buckets/LegacySTREAMEDAUDIO/50/5e/ba89acec6d1386c78de1b52499cf1476400a.udd" 3065
"C:/Users/silve/AppData/Local/UnrealEngine/Common/DerivedDataCache/Buckets/LegacySTREAMEDAUDIO/de/12/9e88f4ee8959a9351dd064655360c248f986.udd" 3066
"C:/Users/silve/AppData/Local/UnrealEngine/Common/DerivedDataCache/Buckets/LegacySTREAMEDAUDIO/57/23/26d0c96fe983fd0e1fd87e6b49bf8e774171.udd" 3067
"C:/Users/silve/AppData/Local/UnrealEngine/Common/DerivedDataCache/Buckets/LegacySTREAMEDAUDIO/a8/dc/3d90a78c3f1689a0570b168caca2d8174c82.udd" 3068
"C:/Users/silve/AppData/Local/UnrealEngine/Common/DerivedDataCache/Buckets/LegacySTREAMEDAUDIO/62/c5/21e76ba7f4e85f0c785e34679816ea7f485f.udd" 3069
"C:/Users/silve/AppData/Local/UnrealEngine/Common/DerivedDataCache/Buckets/LegacySTREAMEDAUDIO/c5/ae/2ea9457b09c1559bc24f3b86de5dc98c2502.udd" 3070
"C:/Users/silve/AppData/Local/UnrealEngine/Common/DerivedDataCache/Buckets/LegacySTREAMEDAUDIO/27/19/1ba00c4cf4d03456817c74d3e00051f1729c.udd" 3071
"C:/Users/silve/AppData/Local/UnrealEngine/Common/DerivedDataCache/Buckets/LegacySTREAMEDAUDIO/6a/dc/842f8553917d333a5946be50095b505d5383.udd" 3072
"C:/Users/silve/AppData/Local/UnrealEngine/Common/DerivedDataCache/Buckets/LegacySTREAMEDAUDIO/a1/57/7f691b5a60b191aa64a618157fb8d4ff549b.udd" 3073
"C:/Users/silve/OneDrive/Documents/Unreal Projects/MergeHouses/Content/Assets/Meshes/Dioramas/M_Rope_001.uasset" 3074
"C:/Users/silve/AppData/Local/UnrealEngine/Common/DerivedDataCache/Buckets/LegacySTREAMEDAUDIO/5a/61/c973718253773f12775c50fe14d24fd10673.udd" 3075
"C:/Users/silve/AppData/Local/UnrealEngine/Common/DerivedDataCache/Buckets/LegacySTREAMEDAUDIO/0f/9d/c7e51fc528f5cafbb21a0de7c46f8c1c97aa.udd" 3076
"C:/Users/silve/AppData/Local/UnrealEngine/Common/DerivedDataCache/Buckets/LegacySTREAMEDAUDIO/5a/c6/4d9dff016245fdee1a645c1c563bc77a33e5.udd" 3077
"C:/Users/silve/OneDrive/Documents/Unreal Projects/MergeHouses/Content/Assets/Meshes/Dioramas/M_Rope.uasset" 3078
"C:/Users/silve/OneDrive/Documents/Unreal Projects/MergeHouses/Content/Assets/Meshes/Dioramas/M_Roof_Red.uasset" 3079
"C:/Users/silve/OneDrive/Documents/Unreal Projects/MergeHouses/Content/Assets/Meshes/Dioramas/M_Red.uasset" 3080
"C:/Users/silve/OneDrive/Documents/Unreal Projects/MergeHouses/Content/Assets/Meshes/Dioramas/M_Orange.uasset" 3081
"C:/Users/silve/OneDrive/Documents/Unreal Projects/MergeHouses/Content/Assets/Meshes/Dioramas/M_Metal.uasset" 3082
"C:/Users/silve/OneDrive/Documents/Unreal Projects/MergeHouses/Content/Assets/Meshes/Dioramas/M_Hay_Screed.uasset" 3083
"C:/Users/silve/OneDrive/Documents/Unreal Projects/MergeHouses/Content/Assets/Meshes/Dioramas/M_Hay.uasset" 3084
"C:/Users/silve/OneDrive/Documents/Unreal Projects/MergeHouses/Content/Assets/Meshes/Dioramas/M_Grass.uasset" 3085
"C:/Users/silve/OneDrive/Documents/Unreal Projects/MergeHouses/Content/Assets/Meshes/Dioramas/M_Gold.uasset" 3086
"C:/Users/silve/OneDrive/Documents/Unreal Projects/MergeHouses/Content/Assets/Meshes/Dioramas/M_Glass_001.uasset" 3087
"C:/Users/silve/OneDrive/Documents/Unreal Projects/MergeHouses/Content/Assets/Meshes/Dioramas/M_Glass.uasset" 3088
"C:/Users/silve/OneDrive/Documents/Unreal Projects/MergeHouses/Content/Assets/Meshes/Dioramas/M_DoorMetal.uasset" 3089
"C:/Users/silve/OneDrive/Documents/Unreal Projects/MergeHouses/Content/Assets/Meshes/Dioramas/M_Dirt.uasset" 3090
"C:/Users/silve/OneDrive/Documents/Unreal Projects/MergeHouses/Content/Assets/Meshes/Dioramas/M_DarkWood_001.uasset" 3091
"C:/Users/silve/OneDrive/Documents/Unreal Projects/MergeHouses/Content/Assets/Meshes/Dioramas/M_DarkWood.uasset" 3092
"C:/Users/silve/OneDrive/Documents/Unreal Projects/MergeHouses/Content/Assets/Meshes/Dioramas/M_Concrete.uasset" 3093
"C:/Users/silve/OneDrive/Documents/Unreal Projects/MergeHouses/Content/Assets/Meshes/Dioramas/M_Coins.uasset" 3094
"C:/Users/silve/OneDrive/Documents/Unreal Projects/MergeHouses/Content/Assets/Meshes/Dioramas/M_Bush.uasset" 3095
"C:/Users/silve/OneDrive/Documents/Unreal Projects/MergeHouses/Content/Assets/Meshes/Dioramas/M_Berry.uasset" 3096
"C:/Users/silve/OneDrive/Documents/Unreal Projects/MergeHouses/Content/Assets/Meshes/Dioramas/M_Apple.uasset" 3097
"C:/Users/silve/OneDrive/Documents/Unreal Projects/MergeHouses/Content/Assets/Meshes/Dioramas/Material_001.uasset" 3098
"C:/Users/silve/AppData/Local/UnrealEngine/Common/DerivedDataCache/Buckets/LegacyTEXTURE/db/ce/f7eab8e3ee9f6209a5e87290f789bbaab94a.udd" 3099
"C:/Users/silve/AppData/Local/UnrealEngine/Common/DerivedDataCache/Buckets/LegacyTEXTURE/0e/e8/30cd9c169004fe0f6b69546898a0676a8880.udd" 3100
"C:/Users/silve/AppData/Local/UnrealEngine/Common/DerivedDataCache/Buckets/LegacyTEXTURE/12/52/34abb0bf0bb799cd3c3fd2fff43da7a381f0.udd" 3101
"C:/Users/silve/AppData/Local/UnrealEngine/Common/DerivedDataCache/Buckets/LegacyTEXTURE/8f/16/3a23e4e9771f73296a493219d7e60f231d8c.udd" 3102
"C:/Users/silve/AppData/Local/UnrealEngine/Common/DerivedDataCache/Buckets/LegacyTEXTURE/63/62/3be42cbf08b5a391e62a2bde05cd60a8e4f3.udd" 3103
"C:/Users/silve/AppData/Local/UnrealEngine/Common/DerivedDataCache/Buckets/LegacyTEXTURE/80/9c/abb7c5c421dad2cce56d67d3e09f1f3e55da.udd" 3104
"C:/Users/silve/AppData/Local/UnrealEngine/Common/DerivedDataCache/Buckets/LegacyTEXTURE/e1/92/60d542e05835b7b58444e9423bafed04d259.udd" 3105
"C:/Users/silve/AppData/Local/UnrealEngine/Common/DerivedDataCache/Buckets/LegacyTEXTURE/6e/07/b12af78911d5c91c7d4d733f98b2805e9513.udd" 3106
"C:/Users/silve/AppData/Local/UnrealEngine/Common/DerivedDataCache/Buckets/LegacyTEXTURE/00/35/c5cc837de9c250986ce17bb12ab30be4bd23.udd" 3107
"C:/Users/silve/AppData/Local/UnrealEngine/Common/DerivedDataCache/Buckets/LegacyTEXTURE/c6/42/d08ed1a74cf169c32ee5896caff6248b9e35.udd" 3108
"C:/Users/silve/OneDrive/Documents/Unreal Projects/MergeHouses/Content/Assets/Meshes/Dioramas/Material.uasset" 3109
"C:/Users/silve/OneDrive/Documents/Unreal Projects/MergeHouses/Content/Assets/Meshes/Dioramas/Aim_White_001.uasset" 3110
"C:/Users/silve/OneDrive/Documents/Unreal Projects/MergeHouses/Content/Assets/Meshes/Asphalt.uasset" 3111
"C:/Users/silve/OneDrive/Documents/Unreal Projects/MergeHouses/Content/Assets/Images/X_Icon.uasset" 3112
"C:/Users/silve/OneDrive/Documents/Unreal Projects/MergeHouses/Content/Assets/Images/Undo_Icon.uasset" 3113
"C:/Users/silve/OneDrive/Documents/Unreal Projects/MergeHouses/Content/Assets/Images/Sound_On_Icon_2.uasset" 3114
"C:/Users/silve/OneDrive/Documents/Unreal Projects/MergeHouses/Content/Assets/Images/Sound_On_Icon.uasset" 3115
"C:/Users/silve/OneDrive/Documents/Unreal Projects/MergeHouses/Content/Assets/Images/Sound_Off_Icon_2.uasset" 3116
"C:/Users/silve/OneDrive/Documents/Unreal Projects/MergeHouses/Content/Assets/Images/Sound_Off_Icon.uasset" 3117
"C:/Users/silve/OneDrive/Documents/Unreal Projects/MergeHouses/Content/Assets/Images/Remove_Icon_Active.uasset" 3118
"C:/Users/silve/OneDrive/Documents/Unreal Projects/MergeHouses/Content/Assets/Images/Remove_Icon.uasset" 3119
"C:/Users/silve/OneDrive/Documents/Unreal Projects/MergeHouses/Content/Assets/Images/Music_On_Icon_2.uasset" 3120
"C:/Users/silve/OneDrive/Documents/Unreal Projects/MergeHouses/Content/Assets/Images/Music_On_Icon.uasset" 3121
"C:/Users/silve/OneDrive/Documents/Unreal Projects/MergeHouses/Content/Assets/Images/Music_Off_Icon_2.uasset" 3122
"C:/Users/silve/OneDrive/Documents/Unreal Projects/MergeHouses/Content/Assets/Images/Music_Off_Icon.uasset" 3123
"C:/Users/silve/OneDrive/Documents/Unreal Projects/MergeHouses/Content/Assets/Images/Menu_Icon.uasset" 3124
"C:/Users/silve/AppData/Local/UnrealEngine/Common/DerivedDataCache/Buckets/LegacyTEXTURE/ed/6f/7e6e6bf8691c86560f99c9a22c8765dcc352.udd" 3125
"C:/Users/silve/AppData/Local/UnrealEngine/Common/DerivedDataCache/Buckets/LegacyTEXTURE/c4/4e/6d8b2acc499c5c399a53c570360369762dd5.udd" 3126
"C:/Users/silve/OneDrive/Documents/Unreal Projects/MergeHouses/Content/Assets/Images/Menu.uasset" 3127
"C:/Users/silve/OneDrive/Documents/Unreal Projects/MergeHouses/Content/Assets/Images/How_To_Icon.uasset" 3128
"C:/Users/silve/AppData/Local/UnrealEngine/Common/DerivedDataCache/Buckets/LegacyTEXTURE/ab/fe/27e749f7444a2fd2f2ec0c6a82511ee2892f.udd" 3129
"C:/Users/silve/OneDrive/Documents/Unreal Projects/MergeHouses/Content/Assets/Images/Authors_Icon.uasset" 3130
"../../../Engine/Content/EngineMaterials/DefaultCalibrationGrayscale.uasset" 3131
"../../../Engine/Content/EngineMaterials/DefaultCalibrationColor.uasset" 3132
"../../../Engine/Content/EngineSounds/Submixes/MasterEQEffectPreset.uasset" 3133
"../../../Engine/Content/EngineSounds/Submixes/MasterReverbEffectPreset.uasset" 3134
"../../../Engine/Content/EditorMaterials/PreviewShadowIndicator.uasset" 3135
"../../../Engine/Content/EngineSky/M_SimpleSkyDome.uasset" 3136
"../../../Engine/Content/EngineSky/T_Sky_Blue.uasset" 3137
"../../../Engine/Content/EngineSky/T_Sky_Clouds_M.uasset" 3138
"../../../Engine/Content/EngineSky/T_Sky_Stars.uasset" 3139
"C:/Users/silve/OneDrive/Documents/Unreal Projects/MergeHouses/Content/Input/IMC_Gameplay.uasset" 3140
"C:/Users/silve/OneDrive/Documents/Unreal Projects/MergeHouses/Content/Assets/Sound/SFX/Move2_Cue.uasset" 3141
"../../../Engine/Content/Maps/Entry_BuiltData.uasset" 3142
"C:/Users/silve/OneDrive/Documents/Unreal Projects/MergeHouses/Content/Assets/Sound/Move2.uasset" 3143
"C:/Users/silve/AppData/Local/UnrealEngine/Common/DerivedDataCache/Buckets/LegacyTEXTURE/3f/26/cb1f9b32d1a34f6f8a9f0fa0784414a98150.udd" 3144
"C:/Users/silve/OneDrive/Documents/Unreal Projects/MergeHouses/Content/Assets/Sound/SFX/Move_Cue.uasset" 3145
"C:/Users/silve/OneDrive/Documents/Unreal Projects/MergeHouses/Content/Assets/Sound/SFX/Merge3_Cutted_Cue.uasset" 3146
"C:/Users/silve/AppData/Local/UnrealEngine/Common/DerivedDataCache/Buckets/BulkDataList/63/5b/3ab7c31b08fb9d6435c7e2db1fb7d832ae20.udd" 3147
"C:/Users/silve/OneDrive/Documents/Unreal Projects/MergeHouses/Content/Assets/Sound/SFX/Merge2_Cutted_Cue.uasset" 3148
"C:/Users/silve/OneDrive/Documents/Unreal Projects/MergeHouses/Content/Assets/Sound/SFX/Merge2_Cue.uasset" 3149
"C:/Users/silve/AppData/Local/UnrealEngine/Common/DerivedDataCache/Buckets/BulkDataList/7e/11/0cb29e771882c43bc1784c3bca299af34405.udd" 3150
"C:/Users/silve/OneDrive/Documents/Unreal Projects/MergeHouses/Content/Assets/Sound/SFX/Merge_Cue.uasset" 3151
"C:/Users/silve/OneDrive/Documents/Unreal Projects/MergeHouses/Content/Assets/Sound/Move.uasset" 3152
"C:/Users/silve/AppData/Local/UnrealEngine/Common/DerivedDataCache/Buckets/BulkDataList/98/72/f8863b5b2ca10afe41715dc16c45be87ecb8.udd" 3153
"C:/Users/silve/OneDrive/Documents/Unreal Projects/MergeHouses/Content/Assets/Sound/SFX/Lose2_Cue.uasset" 3154
"C:/Users/silve/OneDrive/Documents/Unreal Projects/MergeHouses/Content/Assets/Sound/SFX/Lose_Cue.uasset" 3155
"C:/Users/silve/OneDrive/Documents/Unreal Projects/MergeHouses/Content/Assets/Sound/SFX/Click_Cutted_Cue.uasset" 3156
"C:/Users/silve/OneDrive/Documents/Unreal Projects/MergeHouses/Content/Assets/Sound/BGM/BGM_Loop_Cue.uasset" 3157
"C:/Users/silve/OneDrive/Documents/Unreal Projects/MergeHouses/Content/Assets/Meshes/TableTopBoard/TableTopBoard.uasset" 3158
"C:/Users/silve/OneDrive/Documents/Unreal Projects/MergeHouses/Content/Assets/Meshes/Table/Table.uasset" 3159
"C:/Users/silve/AppData/Local/UnrealEngine/Common/DerivedDataCache/Buckets/BulkDataList/ca/d3/70b0d8dcc092396015bee1ade63090a51bef.udd" 3160
"C:/Users/silve/AppData/Local/UnrealEngine/Common/DerivedDataCache/Buckets/BulkDataList/50/45/f4224eb0d264028e7ced8c98cff1ea905de2.udd" 3161
"C:/Users/silve/AppData/Local/UnrealEngine/Common/DerivedDataCache/Buckets/BulkDataList/20/0c/56a5d5eb6f80330dae0ff3c5e0955451675b.udd" 3162
"C:/Users/silve/AppData/Local/UnrealEngine/Common/DerivedDataCache/Buckets/BulkDataList/fa/2a/b9d808640ce314208dd52956346eec0bbac5.udd" 3163
"C:/Users/silve/AppData/Local/UnrealEngine/Common/DerivedDataCache/Buckets/BulkDataList/38/b2/22c1c263394856ddf4669636db6b11cdcab8.udd" 3164
"C:/Users/silve/AppData/Local/UnrealEngine/Common/DerivedDataCache/Buckets/BulkDataList/83/aa/7b92b14b753a38507ebc50f8bd207217b37a.udd" 3165
"C:/Users/silve/OneDrive/Documents/Unreal Projects/MergeHouses/Content/Assets/Sound/Merge.uasset" 3166
"C:/Users/silve/AppData/Local/UnrealEngine/Common/DerivedDataCache/Buckets/BulkDataList/20/f0/64cd8f3ca89da9a32d933067ec094b5dc7ce.udd" 3167
"C:/Users/silve/AppData/Local/UnrealEngine/Common/DerivedDataCache/Buckets/BulkDataList/87/8c/5098e377f042a79b48bb63e00f2b39447c56.udd" 3168
"C:/Users/silve/AppData/Local/UnrealEngine/Common/DerivedDataCache/Buckets/BulkDataList/38/32/f481f1a33135cf25eb4c2408254366c9f589.udd" 3169
"C:/Users/silve/AppData/Local/UnrealEngine/Common/DerivedDataCache/Buckets/BulkDataList/a5/eb/323115c3577c963295249948b1d1a7cfac85.udd" 3170
"C:/Users/silve/AppData/Local/UnrealEngine/Common/DerivedDataCache/Buckets/BulkDataList/37/59/d5b53d73e83789a2bdabb9d36d775e9cdee7.udd" 3171
"C:/Users/silve/AppData/Local/UnrealEngine/Common/DerivedDataCache/Buckets/BulkDataList/93/9b/972844791cb53d2061849216007cd84c4dbd.udd" 3172
"C:/Users/silve/OneDrive/Documents/Unreal Projects/MergeHouses/Content/Assets/Meshes/House/House11.uasset" 3173
"C:/Users/silve/OneDrive/Documents/Unreal Projects/MergeHouses/Content/Assets/Meshes/House/House9.uasset" 3174
"C:/Users/silve/AppData/Local/UnrealEngine/Common/DerivedDataCache/Buckets/BulkDataList/6c/56/f8c5cb0d1c66e9ede33ff0cb3ae4d327bdc1.udd" 3175
"C:/Users/silve/AppData/Local/UnrealEngine/Common/DerivedDataCache/Buckets/BulkDataList/da/c5/e2f5ba6222e00e2a68c33b6d1ac7d96b77a5.udd" 3176
"C:/Users/silve/AppData/Local/UnrealEngine/Common/DerivedDataCache/Buckets/BulkDataList/3e/ff/e694e609e56bcb84cfe5f0e4f703b7577508.udd" 3177
"C:/Users/silve/AppData/Local/UnrealEngine/Common/DerivedDataCache/Buckets/BulkDataList/0b/c3/ba8e2ae4b2d7588a7600e4660f57c8f06f07.udd" 3178
"C:/Users/silve/AppData/Local/UnrealEngine/Common/DerivedDataCache/Buckets/BulkDataList/06/cf/611682954361f5d678cfea042eace6d64942.udd" 3179
"C:/Users/silve/OneDrive/Documents/Unreal Projects/MergeHouses/Content/Assets/Meshes/House/House8.uasset" 3180
"C:/Users/silve/OneDrive/Documents/Unreal Projects/MergeHouses/Content/Assets/Meshes/House/House7.uasset" 3181
"C:/Users/silve/OneDrive/Documents/Unreal Projects/MergeHouses/Content/Assets/Meshes/House/House5.uasset" 3182
"C:/Users/silve/OneDrive/Documents/Unreal Projects/MergeHouses/Content/Assets/Meshes/House/House6.uasset" 3183
"C:/Users/silve/OneDrive/Documents/Unreal Projects/MergeHouses/Content/Assets/Meshes/House/House2.uasset" 3184
"C:/Users/silve/OneDrive/Documents/Unreal Projects/MergeHouses/Content/Assets/Meshes/House/House10.uasset" 3185
"C:/Users/silve/OneDrive/Documents/Unreal Projects/MergeHouses/Content/Assets/Meshes/House/House15.uasset" 3186
"C:/Users/silve/OneDrive/Documents/Unreal Projects/MergeHouses/Content/Assets/Meshes/House/House13.uasset" 3187
"C:/Users/silve/OneDrive/Documents/Unreal Projects/MergeHouses/Content/Assets/Meshes/House/House1.uasset" 3188
"C:/Users/silve/OneDrive/Documents/Unreal Projects/MergeHouses/Content/Assets/Meshes/House/House4.uasset" 3189
"C:/Users/silve/OneDrive/Documents/Unreal Projects/MergeHouses/Content/Assets/Meshes/House/House12.uasset" 3190
"C:/Users/silve/OneDrive/Documents/Unreal Projects/MergeHouses/Content/Assets/Meshes/House/House3.uasset" 3191
"C:/Users/silve/AppData/Local/UnrealEngine/Common/DerivedDataCache/Buckets/LegacyTEXTURE/de/a2/ddfa655646cb9395bdfa9da4251a95674475.udd" 3192
"C:/Users/silve/AppData/Local/UnrealEngine/Common/DerivedDataCache/Buckets/LegacyTEXTURE/3b/72/775685cd9a5f5a2151d838ad6d5d7dcf060b.udd" 3193
"C:/Users/silve/OneDrive/Documents/Unreal Projects/MergeHouses/Content/Assets/Meshes/Dioramas/Stick.uasset" 3194
"C:/Users/silve/OneDrive/Documents/Unreal Projects/MergeHouses/Content/Assets/Meshes/Dioramas/Diorama0.uasset" 3195
"C:/Users/silve/OneDrive/Documents/Unreal Projects/MergeHouses/Content/Assets/Meshes/Dioramas/Diorama7.uasset" 3196
"C:/Users/silve/OneDrive/Documents/Unreal Projects/MergeHouses/Content/Assets/Meshes/Dioramas/Diorama6.uasset" 3197
"C:/Users/silve/OneDrive/Documents/Unreal Projects/MergeHouses/Content/Assets/Meshes/Dioramas/Diorama5.uasset" 3198
"C:/Users/silve/OneDrive/Documents/Unreal Projects/MergeHouses/Content/Assets/Meshes/Dioramas/Diorama9.uasset" 3199
"C:/Users/silve/OneDrive/Documents/Unreal Projects/MergeHouses/Content/Assets/Meshes/Dioramas/Diorama3.uasset" 3200
"C:/Users/silve/OneDrive/Documents/Unreal Projects/MergeHouses/Content/Assets/Meshes/Foundation/Foundation.uasset" 3201
"C:/Users/silve/OneDrive/Documents/Unreal Projects/MergeHouses/Content/Assets/Meshes/Dioramas/Diorama2.uasset" 3202
"C:/Users/silve/OneDrive/Documents/Unreal Projects/MergeHouses/Content/Assets/Meshes/Dioramas/Diorama1.uasset" 3203
"C:/Users/silve/AppData/Local/UnrealEngine/Common/DerivedDataCache/Buckets/LegacyTEXTURE/17/49/104b94e9afba2af6ea48a1507a91c81d098e.udd" 3204
"C:/Users/silve/AppData/Local/UnrealEngine/Common/DerivedDataCache/Buckets/LegacyTEXTURE/f7/b7/bf0e44659736b9ef99c089a86c21293b9a0d.udd" 3205
"C:/Users/silve/AppData/Local/UnrealEngine/Common/DerivedDataCache/Buckets/LegacyTEXTURE/2c/9f/56b8f74d07e1a44807f65a5cd6a5c9cb67a3.udd" 3206
"C:/Users/silve/OneDrive/Documents/Unreal Projects/MergeHouses/Content/Assets/Meshes/Dioramas/Diorama12.uasset" 3207
"C:/Users/silve/OneDrive/Documents/Unreal Projects/MergeHouses/Content/Assets/Meshes/Dioramas/Diorama11.uasset" 3208
"C:/Users/silve/OneDrive/Documents/Unreal Projects/MergeHouses/Content/Assets/Meshes/Dioramas/Diorama10.uasset" 3209
"C:/Users/silve/OneDrive/Documents/Unreal Projects/MergeHouses/Content/Assets/Meshes/House/House14.uasset" 3210
"C:/Users/silve/OneDrive/Documents/Unreal Projects/MergeHouses/Content/Assets/Meshes/Cells_Scale_Cell.uasset" 3211
"../../../../../../Users/silve/OneDrive/Documents/Unreal Projects/MergeHouses/Content/Assets/Meshes/TableTopBoard/TableTopBoard.uasset" 3212
"C:/Users/silve/AppData/Local/UnrealEngine/Common/DerivedDataCache/Buckets/LegacySKELETALMESH/33/13/904d4b5e2b2c13221425211ae0fef2377461.udd" 3213
"../../../Engine/Content/EngineMaterials/PPM_DefaultCalibrationGrayscale.uasset" 3214
"../../../Engine/Content/EditorMaterials/PreviewShadowIndicatorMaterial.uasset" 3215
"../../../Engine/Content/EngineSky/M_Sky_Panning_Clouds2.uasset" 3216
"C:/Users/silve/OneDrive/Documents/Unreal Projects/MergeHouses/Content/Blueprints/UMG_HowToPlayWidget.uasset" 3217
"../../../Engine/Content/EngineMaterials/PPM_DefaultCalibrationColor.uasset" 3218
"../../../Engine/Content/Maps/Entry.umap" 3219
"../../../Engine/Plugins/Animation/ControlRig/Content/Controls/ControlRig_Wedge_solid.uasset" 3220
"../../../Engine/Plugins/Animation/ControlRig/Content/Controls/ControlRig_Wedge_3mm.uasset" 3221
"../../../Engine/Plugins/Animation/ControlRig/Content/Controls/ControlRig_Wedge_1mm.uasset" 3222
"../../../Engine/Plugins/Animation/ControlRig/Content/Controls/ControlRig_Triangle_solid.uasset" 3223
"../../../Engine/Plugins/Animation/ControlRig/Content/Controls/ControlRig_Triangle_3mm.uasset" 3224
"../../../Engine/Plugins/Animation/ControlRig/Content/Controls/ControlRig_Triangle_1mm.uasset" 3225
"../../../Engine/Plugins/Animation/ControlRig/Content/Controls/ControlRig_Star4_solid.uasset" 3226
"../../../Engine/Plugins/Animation/ControlRig/Content/Controls/ControlRig_Star4_3mm.uasset" 3227
"../../../Engine/Plugins/Animation/ControlRig/Content/Controls/ControlRig_Star4_1mm.uasset" 3228
"../../../Engine/Plugins/Animation/ControlRig/Content/Controls/ControlRig_Square_solid.uasset" 3229
"../../../Engine/Plugins/Animation/ControlRig/Content/Controls/ControlRig_Square_3mm.uasset" 3230
"../../../Engine/Plugins/Animation/ControlRig/Content/Controls/ControlRig_Square_1mm.uasset" 3231
"../../../Engine/Plugins/Animation/ControlRig/Content/Controls/ControlRig_Sphere_3mm.uasset" 3232
"../../../Engine/Plugins/Animation/ControlRig/Content/Controls/ControlRig_Sphere_1mm.uasset" 3233
"../../../Engine/Plugins/Animation/ControlRig/Content/Controls/ControlRig_RoundedTriangle_solid.uasset" 3234
"../../../Engine/Plugins/Animation/ControlRig/Content/Controls/ControlRig_RoundedTriangle_3mm.uasset" 3235
"../../../Engine/Plugins/Animation/ControlRig/Content/Controls/ControlRig_RoundedTriangle_1mm.uasset" 3236
"../../../Engine/Plugins/Animation/ControlRig/Content/Controls/ControlRig_RoundedSquare_solid.uasset" 3237
"../../../Engine/Plugins/Animation/ControlRig/Content/Controls/ControlRig_RoundedSquare_1mm.uasset" 3238
"../../../Engine/Plugins/Animation/ControlRig/Content/Controls/ControlRig_RoundedSquare_3mm.uasset" 3239
"../../../Engine/Plugins/Animation/ControlRig/Content/Controls/ControlRig_QuarterCircle_solid.uasset" 3240
"../../../Engine/Plugins/Animation/ControlRig/Content/Controls/ControlRig_QuarterCircle_1mm.uasset" 3241
"../../../Engine/Plugins/Animation/ControlRig/Content/Controls/ControlRig_QuarterCircle_3mm.uasset" 3242
"../../../Engine/Plugins/Animation/ControlRig/Content/Controls/ControlRig_Pyramid_solid.uasset" 3243
"../../../Engine/Plugins/Animation/ControlRig/Content/Controls/ControlRig_Pyramid_3mm.uasset" 3244
"../../../Engine/Plugins/Animation/ControlRig/Content/Controls/ControlRig_Pyramid_1mm.uasset" 3245
"../../../Engine/Plugins/Animation/ControlRig/Content/Controls/ControlRig_Octagon_solid.uasset" 3246
"../../../Engine/Plugins/Animation/ControlRig/Content/Controls/ControlRig_Octagon_1mm.uasset" 3247
"../../../Engine/Plugins/Animation/ControlRig/Content/Controls/ControlRig_Octagon_3mm.uasset" 3248
"../../../Engine/Plugins/Animation/ControlRig/Content/Controls/ControlRig_Hexagon_solid.uasset" 3249
"../../../Engine/Plugins/Animation/ControlRig/Content/Controls/ControlRig_Hexagon_3mm.uasset" 3250
"../../../Engine/Plugins/Animation/ControlRig/Content/Controls/ControlRig_Hexagon_1mm.uasset" 3251
"C:/Users/silve/AppData/Local/UnrealEngine/Common/DerivedDataCache/Buckets/StaticMesh/4d/07/b19fd4f15c03dcc96f40500c5a8b81a0cea2.udd" 3252
"C:/Users/silve/AppData/Local/UnrealEngine/Common/DerivedDataCache/Buckets/LegacyCARD/9a/02/dfb5346ad46b6e3796728e329f2a6c074e82.udd" 3253
"C:/Users/silve/AppData/Local/UnrealEngine/Common/DerivedDataCache/Buckets/LegacyNavCollision/77/b3/d8c269acfc629aea4a89a36a54e8ca9b2ff2.udd" 3254
"C:/Users/silve/AppData/Local/UnrealEngine/Common/DerivedDataCache/Buckets/StaticMesh/f3/f9/d30855ea04a28291e1708ea6dd38453787b3.udd" 3255
"C:/Users/silve/AppData/Local/UnrealEngine/Common/DerivedDataCache/Buckets/StaticMesh/a2/c1/6c3b5c9283301c27417af8f26034a6425194.udd" 3256
"C:/Users/silve/AppData/Local/UnrealEngine/Common/DerivedDataCache/Buckets/LegacyCARD/f8/0e/d5d1050d6c8603a933b7198d60420ba1b9e0.udd" 3257
"C:/Users/silve/AppData/Local/UnrealEngine/Common/DerivedDataCache/Buckets/LegacyCARD/b0/bb/7ff85f46b68e136f0a08cd20c48781367cf6.udd" 3258
"C:/Users/silve/AppData/Local/UnrealEngine/Common/DerivedDataCache/Buckets/LegacyChaosGeometryData/1c/36/946c3d466c51b298fab8138e020b3a53a31b.udd" 3259
"C:/Users/silve/AppData/Local/UnrealEngine/Common/DerivedDataCache/Buckets/LegacyNavCollision/bc/d3/80fcb0aca861db0614a971b8cf9323498ab9.udd" 3260
"C:/Users/silve/AppData/Local/UnrealEngine/Common/DerivedDataCache/Buckets/StaticMesh/43/91/ebef9486882c77dcce5fd8f1f667b0387f29.udd" 3261
"C:/Users/silve/AppData/Local/UnrealEngine/Common/DerivedDataCache/Buckets/LegacyCARD/bf/55/4085ff5dd4ab26fc2b845f8e9a5a41cfa320.udd" 3262
"C:/Users/silve/AppData/Local/UnrealEngine/Common/DerivedDataCache/Buckets/LegacyNavCollision/76/d8/950f10b494c0ca69a12c67414ef224ad1066.udd" 3263
"C:/Users/silve/AppData/Local/UnrealEngine/Common/DerivedDataCache/Buckets/StaticMesh/c6/c8/02f970919957fe496b033af5bedfbcdf89d9.udd" 3264
"C:/Users/silve/AppData/Local/UnrealEngine/Common/DerivedDataCache/Buckets/StaticMesh/1b/54/4f0e667c0a4d29812dbb407ce22a86481e0b.udd" 3265
"C:/Users/silve/AppData/Local/UnrealEngine/Common/DerivedDataCache/Buckets/LegacyCARD/ac/eb/d6fd391f91c7e368d842d176508c629d7595.udd" 3266
"C:/Users/silve/AppData/Local/UnrealEngine/Common/DerivedDataCache/Buckets/LegacyCARD/78/68/b0b7acc4739e4201d5ab5f7e76eda8e0f87b.udd" 3267
"C:/Users/silve/AppData/Local/UnrealEngine/Common/DerivedDataCache/Buckets/LegacyNavCollision/c4/26/745e9563bc91a305d68e939601101987341d.udd" 3268
"C:/Users/silve/AppData/Local/UnrealEngine/Common/DerivedDataCache/Buckets/LegacyNavCollision/a9/be/ee67647a1020f90413e369bcf610916b7509.udd" 3269
"C:/Users/silve/AppData/Local/UnrealEngine/Common/DerivedDataCache/Buckets/StaticMesh/6c/34/cbc431126ca034328d4e44594196bdfa8d1d.udd" 3270
"C:/Users/silve/AppData/Local/UnrealEngine/Common/DerivedDataCache/Buckets/StaticMesh/e4/e3/cc9cdeeef9c5cc86f490cf0acf5b57d27e63.udd" 3271
"C:/Users/silve/AppData/Local/UnrealEngine/Common/DerivedDataCache/Buckets/LegacyCARD/7c/2c/69b1f939456a4a1d8b449bdb778a5ed41d52.udd" 3272
"C:/Users/silve/AppData/Local/UnrealEngine/Common/DerivedDataCache/Buckets/LegacyCARD/47/a2/a0656127c9b3ebe5d5361986cc305661d827.udd" 3273
"C:/Users/silve/AppData/Local/UnrealEngine/Common/DerivedDataCache/Buckets/LegacyNavCollision/7c/38/c100004ee2f23f418e43dd02f0709b604d41.udd" 3274
"C:/Users/silve/AppData/Local/UnrealEngine/Common/DerivedDataCache/Buckets/LegacyNavCollision/09/7f/d0bfe7dabe315093f91077a05f8b950cbdb1.udd" 3275
"C:/Users/silve/AppData/Local/UnrealEngine/Common/DerivedDataCache/Buckets/StaticMesh/ed/f2/d0f12abdcab04ef23414bec96c85f4b9f76a.udd" 3276
"C:/Users/silve/AppData/Local/UnrealEngine/Common/DerivedDataCache/Buckets/StaticMesh/cd/fe/6f1691fe10f975f3ac2b96faaacac75c6adc.udd" 3277
"C:/Users/silve/AppData/Local/UnrealEngine/Common/DerivedDataCache/Buckets/LegacyCARD/58/b3/11d794de86b5f17d02b4529c59a7a5c1a3c7.udd" 3278
"C:/Users/silve/AppData/Local/UnrealEngine/Common/DerivedDataCache/Buckets/LegacyCARD/46/19/9a86f1e5765c7bf6042bfe748b6cdd29b51f.udd" 3279
"C:/Users/silve/AppData/Local/UnrealEngine/Common/DerivedDataCache/Buckets/LegacyNavCollision/59/95/dcf7fa32c5ea69c8a994abeee6da09fa45cd.udd" 3280
"C:/Users/silve/AppData/Local/UnrealEngine/Common/DerivedDataCache/Buckets/StaticMesh/71/81/92986efe20df4ff692590439ae93b0911aed.udd" 3281
"C:/Users/silve/AppData/Local/UnrealEngine/Common/DerivedDataCache/Buckets/LegacyChaosGeometryData/eb/a1/9c0c225f0935da5010bfb5ca6d12fb72c90c.udd" 3282
"C:/Users/silve/AppData/Local/UnrealEngine/Common/DerivedDataCache/Buckets/LegacyCARD/dc/d7/1c58b85fc9e1893b3b61d0fea03f095a515f.udd" 3283
"C:/Users/silve/AppData/Local/UnrealEngine/Common/DerivedDataCache/Buckets/LegacyChaosGeometryData/b8/ef/0f031c767e78c5aa9bb1b754c2b594bcc400.udd" 3284
"C:/Users/silve/AppData/Local/UnrealEngine/Common/DerivedDataCache/Buckets/LegacyNavCollision/c1/37/fbe091ebe7b07fddecaceaa0f165afdc4bcc.udd" 3285
"C:/Users/silve/AppData/Local/UnrealEngine/Common/DerivedDataCache/Buckets/StaticMesh/33/3c/e1c3cf61213234e7143e54ac0e44295c080d.udd" 3286
"C:/Users/silve/AppData/Local/UnrealEngine/Common/DerivedDataCache/Buckets/LegacyCARD/b8/e1/74f495963c93df828001c4df8f59efc80591.udd" 3287
"C:/Users/silve/AppData/Local/UnrealEngine/Common/DerivedDataCache/Buckets/LegacyNavCollision/79/34/6e858232cbe7b34537b081d43ee1a9c76bc7.udd" 3288
"C:/Users/silve/AppData/Local/UnrealEngine/Common/DerivedDataCache/Buckets/StaticMesh/4d/b2/c63f962a382721e9c98456868c103dff8ea6.udd" 3289
"C:/Users/silve/AppData/Local/UnrealEngine/Common/DerivedDataCache/Buckets/LegacyNavCollision/d5/ae/90cbc57e2beb453a91422c259638361b9485.udd" 3290
"C:/Users/silve/AppData/Local/UnrealEngine/Common/DerivedDataCache/Buckets/LegacyCARD/f8/cc/26dbd6a85fb9668f3bba89bc31ee5a00e8e7.udd" 3291
"C:/Users/silve/AppData/Local/UnrealEngine/Common/DerivedDataCache/Buckets/StaticMesh/7c/9c/4b1d82bd8003a7044afb1c4084358511aeba.udd" 3292
"C:/Users/silve/AppData/Local/UnrealEngine/Common/DerivedDataCache/Buckets/LegacyCARD/ab/0e/11406bfdf6efaf973823646318b5c9ab6ccb.udd" 3293
"C:/Users/silve/AppData/Local/UnrealEngine/Common/DerivedDataCache/Buckets/LegacyNavCollision/3b/5e/0b3d64b1594d10ba1fa792ee5beacac7e260.udd" 3294
"C:/Users/silve/AppData/Local/UnrealEngine/Common/DerivedDataCache/Buckets/LegacyChaosGeometryData/6b/0a/df2705397c38974abcda46091ee617c547a9.udd" 3295
"C:/Users/silve/AppData/Local/UnrealEngine/Common/DerivedDataCache/Buckets/StaticMesh/0d/1b/deb86f6047e5cba2a7e4bd713e69727e1daa.udd" 3296
"C:/Users/silve/AppData/Local/UnrealEngine/Common/DerivedDataCache/Buckets/LegacyNavCollision/6a/55/beddb2139cd92eff949322c869da564e1859.udd" 3297
"C:/Users/silve/AppData/Local/UnrealEngine/Common/DerivedDataCache/Buckets/LegacyCARD/cc/29/4a80223688986c2df7442f504604e4bec0af.udd" 3298
"C:/Users/silve/AppData/Local/UnrealEngine/Common/DerivedDataCache/Buckets/StaticMesh/7c/48/6cd1414377f5007e0ae6123cdbd1dfda5f2b.udd" 3299
"C:/Users/silve/AppData/Local/UnrealEngine/Common/DerivedDataCache/Buckets/LegacyNavCollision/22/f7/9b969c936f7fda5a779c400f54e940cb543a.udd" 3300
"C:/Users/silve/AppData/Local/UnrealEngine/Common/DerivedDataCache/Buckets/StaticMesh/18/11/52ee19bdd97f54c60b68e70c97faea93194d.udd" 3301
"C:/Users/silve/AppData/Local/UnrealEngine/Common/DerivedDataCache/Buckets/LegacyCARD/9b/5b/5b08a7dc9229344f1965f4ca88c7989f7f33.udd" 3302
"C:/Users/silve/AppData/Local/UnrealEngine/Common/DerivedDataCache/Buckets/LegacyCARD/5b/c7/7f8d4467224d0a3e911c4aaf4c4db1e547e6.udd" 3303
"C:/Users/silve/AppData/Local/UnrealEngine/Common/DerivedDataCache/Buckets/LegacyNavCollision/dd/d8/1fad3ae972cf6c202b756092278e9adb365e.udd" 3304
"C:/Users/silve/AppData/Local/UnrealEngine/Common/DerivedDataCache/Buckets/StaticMesh/41/d5/6312395698496cb5bf46bdaf27177227cb8a.udd" 3305
"C:/Users/silve/AppData/Local/UnrealEngine/Common/DerivedDataCache/Content/40/ee/9bae1a45249006cffe63ecab4a7d1ea07923.udd" 3306
"C:/Users/silve/AppData/Local/UnrealEngine/Common/DerivedDataCache/Buckets/LegacyNavCollision/fe/b5/347c0bf3dbadbf2c668acdf96047a6d69a77.udd" 3307
"C:/Users/silve/AppData/Local/UnrealEngine/Common/DerivedDataCache/Buckets/StaticMesh/78/07/18805b2b05e9abf7e842e66c8ccd5d41fd65.udd" 3308
"C:/Users/silve/AppData/Local/UnrealEngine/Common/DerivedDataCache/Content/a6/3f/0c1dd3238aa9fa2be3c24d253dfdbe7390b1.udd" 3309
"C:/Users/silve/AppData/Local/UnrealEngine/Common/DerivedDataCache/Buckets/LegacyCARD/9f/53/771de9f1fda036c5d86f7589c6cb90e6f2e6.udd" 3310
"C:/Users/silve/AppData/Local/UnrealEngine/Common/DerivedDataCache/Buckets/LegacyChaosGeometryData/e8/f6/1e59f39605283c631e8ab3bea5bffb7ac412.udd" 3311
"C:/Users/silve/AppData/Local/UnrealEngine/Common/DerivedDataCache/Content/db/4f/1672808dcc5bca4d57191a43e5eb2986635f.udd" 3312
"C:/Users/silve/AppData/Local/UnrealEngine/Common/DerivedDataCache/Buckets/LegacyCARD/27/80/26d7146bf9ce39d316f364d2009c6be1f9d9.udd" 3313
"C:/Users/silve/AppData/Local/UnrealEngine/Common/DerivedDataCache/Buckets/LegacyChaosGeometryData/6f/3c/cdcb90c0eafcacb98efd07beb85a47a1b6f8.udd" 3314
"C:/Users/silve/AppData/Local/UnrealEngine/Common/DerivedDataCache/Buckets/LegacyNavCollision/7e/04/72b4c05806f45b4e7d5278a18bd02bf88f05.udd" 3315
"C:/Users/silve/AppData/Local/UnrealEngine/Common/DerivedDataCache/Buckets/StaticMesh/88/da/1e7b3e011866fab36d9b0d6dacef2d57ec4f.udd" 3316
"C:/Users/silve/AppData/Local/UnrealEngine/Common/DerivedDataCache/Content/88/8e/bf0fa5025023f6f04ccdf90f77d423a721dd.udd" 3317
"C:/Users/silve/AppData/Local/UnrealEngine/Common/DerivedDataCache/Buckets/LegacyCARD/d7/03/23611455e61d74538c0be16a45d1b58b3e99.udd" 3318
"C:/Users/silve/AppData/Local/UnrealEngine/Common/DerivedDataCache/Buckets/LegacyChaosGeometryData/69/40/fd9df962d8ee74c97a01f7c70426e0623cb0.udd" 3319
"C:/Users/silve/AppData/Local/UnrealEngine/Common/DerivedDataCache/Buckets/LegacyNavCollision/61/3c/c4fa7a1a046d76bc496ab504c9d73942536f.udd" 3320
"C:/Users/silve/AppData/Local/UnrealEngine/Common/DerivedDataCache/Buckets/StaticMesh/2a/94/9699e87e7dfdbd6fc258ae46108db2aee117.udd" 3321
"C:/Users/silve/AppData/Local/UnrealEngine/Common/DerivedDataCache/Content/58/86/45208406acfd0bfced2c9459410f6bdc0ed0.udd" 3322
"C:/Users/silve/AppData/Local/UnrealEngine/Common/DerivedDataCache/Buckets/LegacyNavCollision/41/08/6119a9cf75ad5011920d4884c018b02cc77a.udd" 3323
"C:/Users/silve/AppData/Local/UnrealEngine/Common/DerivedDataCache/Buckets/StaticMesh/3f/70/8548594100c2ecf981a381642fe66220c997.udd" 3324
"C:/Users/silve/AppData/Local/UnrealEngine/Common/DerivedDataCache/Content/2e/da/618ec5536e7c7e7d3f039d9c6a1b194acb76.udd" 3325
"C:/Users/silve/AppData/Local/UnrealEngine/Common/DerivedDataCache/Buckets/LegacyNavCollision/fa/dd/449d1b88434d9e66c376a14810020f998649.udd" 3326
"C:/Users/silve/AppData/Local/UnrealEngine/Common/DerivedDataCache/Buckets/LegacyCARD/1f/44/80dbb42458e270b8783b5a0bae7f45fc13d7.udd" 3327
"C:/Users/silve/AppData/Local/UnrealEngine/Common/DerivedDataCache/Buckets/StaticMesh/22/56/fdf834341c2141a04b9b7c946fa8c2979180.udd" 3328
"C:/Users/silve/AppData/Local/UnrealEngine/Common/DerivedDataCache/Buckets/LegacyChaosGeometryData/30/18/59cb426e4a2ca772cd9754d4ef7544d7dd88.udd" 3329
"C:/Users/silve/AppData/Local/UnrealEngine/Common/DerivedDataCache/Content/74/c9/46785bfb51ed85de4bd8c1c591e7fe42ef32.udd" 3330
"C:/Users/silve/AppData/Local/UnrealEngine/Common/DerivedDataCache/Buckets/LegacyNavCollision/b9/b2/c34b787374c4c50f1bd74813d38e0f031116.udd" 3331
"C:/Users/silve/AppData/Local/UnrealEngine/Common/DerivedDataCache/Buckets/StaticMesh/50/e2/3298115cd0a8042db68072cc5582392ba796.udd" 3332
"C:/Users/silve/AppData/Local/UnrealEngine/Common/DerivedDataCache/Buckets/LegacyCARD/ed/46/6c07fd29e9eafbcf0c5b4ee72d21545ab0fd.udd" 3333
"C:/Users/silve/AppData/Local/UnrealEngine/Common/DerivedDataCache/Buckets/LegacyChaosGeometryData/7c/f2/07d37d5fa60772750612f9cf39229f69c448.udd" 3334
"C:/Users/silve/AppData/Local/UnrealEngine/Common/DerivedDataCache/Buckets/LegacyCARD/9d/53/c3c450e975a9be761bd5bff38b568013e68e.udd" 3335
"C:/Users/silve/AppData/Local/UnrealEngine/Common/DerivedDataCache/Buckets/LegacyChaosGeometryData/0c/c4/eb84b25fbd342ef8b8b2f5aea04299093967.udd" 3336
"C:/Users/silve/AppData/Local/UnrealEngine/Common/DerivedDataCache/Buckets/LegacyCARD/5b/0f/44e389d5e41bd26efc1f2f1a0732546cef47.udd" 3337
"C:/Users/silve/AppData/Local/UnrealEngine/Common/DerivedDataCache/Buckets/LegacyChaosGeometryData/3a/b7/cb0010ebf8d81ad1ab5edc1cc1cf7cb0f20d.udd" 3338
"C:/Users/silve/AppData/Local/UnrealEngine/Common/DerivedDataCache/Content/c9/e5/eafef02ada570ff3262549d27b4722429de9.udd" 3339
"C:/Users/silve/AppData/Local/UnrealEngine/Common/DerivedDataCache/Buckets/LegacyNavCollision/0a/49/29a99ff84fb06b415b842d25133b9f016db4.udd" 3340
"C:/Users/silve/AppData/Local/UnrealEngine/Common/DerivedDataCache/Buckets/StaticMesh/a3/f0/be0621d050a93edee7f9d9d7bb5515fdde3f.udd" 3341
"C:/Users/silve/AppData/Local/UnrealEngine/Common/DerivedDataCache/Content/08/ce/27ba80587a8a095a9e77306024fe9c77f773.udd" 3342
"C:/Users/silve/AppData/Local/UnrealEngine/Common/DerivedDataCache/Buckets/LegacyCARD/91/33/ce953a1200469e65f190978805d21ec90bfd.udd" 3343
"C:/Users/silve/AppData/Local/UnrealEngine/Common/DerivedDataCache/Buckets/LegacyChaosGeometryData/86/fa/41a152167a0c5ea30e12363490c678ceec4b.udd" 3344
"C:/Users/silve/AppData/Local/UnrealEngine/Common/DerivedDataCache/Content/5f/01/254b0aee3b51c5dbebe3b92ef159d75bd35e.udd" 3345
"C:/Users/silve/AppData/Local/UnrealEngine/Common/DerivedDataCache/Buckets/LegacyNavCollision/94/ba/5995fae3e79e7ae69df4fa3ed5f2ee21d727.udd" 3346
"C:/Users/silve/AppData/Local/UnrealEngine/Common/DerivedDataCache/Buckets/StaticMesh/f6/10/7d2b15926479cf05ab764c2232f8e56c264f.udd" 3347
"C:/Users/silve/AppData/Local/UnrealEngine/Common/DerivedDataCache/Content/fa/c6/73d9465650cc4778053310cc267a3c9e4ada.udd" 3348
"C:/Users/silve/AppData/Local/UnrealEngine/Common/DerivedDataCache/Buckets/StaticMesh/26/39/fc712607c997d8138e27cbbc9364fb19d65a.udd" 3349
"C:/Users/silve/AppData/Local/UnrealEngine/Common/DerivedDataCache/Content/a2/b6/dfc0f8e84e25398051d1e51186daed33896c.udd" 3350
"C:/Users/silve/AppData/Local/UnrealEngine/Common/DerivedDataCache/Buckets/LegacyCARD/38/c7/fa2520784b6cdb7a2a9443a95c4676c8fa06.udd" 3351
"C:/Users/silve/AppData/Local/UnrealEngine/Common/DerivedDataCache/Buckets/LegacyChaosGeometryData/ea/e9/75e18cf7c2f39800bb892da7536d810e3167.udd" 3352
"C:/Users/silve/AppData/Local/UnrealEngine/Common/DerivedDataCache/Buckets/LegacyNavCollision/b8/f9/12939db9e974f65067a5537190453f0067cb.udd" 3353
"C:/Users/silve/AppData/Local/UnrealEngine/Common/DerivedDataCache/Buckets/StaticMesh/dc/2d/fd42064310e03bfd005132c1b12c6d0af096.udd" 3354
"C:/Users/silve/AppData/Local/UnrealEngine/Common/DerivedDataCache/Content/d2/19/440d20dba741c0eab4915e20474048bef782.udd" 3355
"C:/Users/silve/AppData/Local/UnrealEngine/Common/DerivedDataCache/Buckets/LegacyNavCollision/8b/60/090a7db7f5b27565fda21e54b1d1aefb2319.udd" 3356
"C:/Users/silve/AppData/Local/UnrealEngine/Common/DerivedDataCache/Buckets/StaticMesh/36/fe/cd14cbc1ec9a4a4d0840d447884f992bec45.udd" 3357
"C:/Users/silve/AppData/Local/UnrealEngine/Common/DerivedDataCache/Buckets/LegacyCARD/53/51/ad7125dd28409c2cb0e398002a6d46ac013d.udd" 3358
"C:/Users/silve/AppData/Local/UnrealEngine/Common/DerivedDataCache/Buckets/LegacyChaosGeometryData/22/84/0eba88a353ad88f3d52cd010cfe4839bb866.udd" 3359
"C:/Users/silve/AppData/Local/UnrealEngine/Common/DerivedDataCache/Buckets/LegacyNavCollision/1d/54/05c42620e10c54d41c81945b15e7e3052026.udd" 3360
"C:/Users/silve/AppData/Local/UnrealEngine/Common/DerivedDataCache/Buckets/LegacyCARD/b9/24/067af7d2fb2fa99c503ab104a21ddf30316a.udd" 3361
"C:/Users/silve/AppData/Local/UnrealEngine/Common/DerivedDataCache/Buckets/StaticMesh/fb/c4/ca664c7006670bdc2dc966434a0dcf7a5df1.udd" 3362
"C:/Users/silve/AppData/Local/UnrealEngine/Common/DerivedDataCache/Buckets/LegacyChaosGeometryData/a5/18/b739b9fcad370637fe7ed153e9c51f55a828.udd" 3363
"C:/Users/silve/AppData/Local/UnrealEngine/Common/DerivedDataCache/Content/b8/f5/a1996c9e987beb23786a2966e2a63ac0413b.udd" 3364
"C:/Users/silve/AppData/Local/UnrealEngine/Common/DerivedDataCache/Buckets/LegacyCARD/f6/c4/03981be2244451f82342e7ffeca458f7f86b.udd" 3365
"C:/Users/silve/AppData/Local/UnrealEngine/Common/DerivedDataCache/Buckets/LegacyNavCollision/f8/55/00d08b92c637aded65a08b482f554fdf8aed.udd" 3366
"../../Plugins/Animation/ControlRig/Content/Controls/ControlRig_Wedge_solid.uasset" 3367
"C:/Users/silve/AppData/Local/UnrealEngine/Common/DerivedDataCache/Buckets/LegacyCARD/f9/00/9505abbeef6e8c2cc72dbc0070c797ec4933.udd" 3368
"C:/Users/silve/AppData/Local/UnrealEngine/Common/DerivedDataCache/Buckets/LegacyChaosGeometryData/62/fe/9eff3bf2e69c53efe7bb6f083ecc9f86e05e.udd" 3369
"C:/Users/silve/AppData/Local/UnrealEngine/Common/DerivedDataCache/Content/86/34/5aa92b541f2c1420482e750fccd8cc30e893.udd" 3370
"C:/Users/silve/AppData/Local/UnrealEngine/Common/DerivedDataCache/Buckets/LegacyNavCollision/85/8c/fe36fc287451fb569940596a44d46b229b39.udd" 3371
"C:/Users/silve/AppData/Local/UnrealEngine/Common/DerivedDataCache/Buckets/LegacyNavCollision/97/24/c1e8eeffbf6af98d4c6948840160e0c8e585.udd" 3372
"C:/Users/silve/AppData/Local/UnrealEngine/Common/DerivedDataCache/Buckets/LegacyTEXTURE/b4/61/22e9d1dc498a4d2746182cba2fe37c298295.udd" 3373
"C:/Users/silve/AppData/Local/UnrealEngine/Common/DerivedDataCache/Buckets/LegacyTEXTURE/02/98/56bd034e82014f63eb1d038d02f448e36426.udd" 3374
"C:/Users/silve/AppData/Local/UnrealEngine/Common/DerivedDataCache/Buckets/LegacyTEXTURE/55/e7/92be36226706f45ae67e9ee8f854f372a857.udd" 3375
"C:/Users/silve/AppData/Local/UnrealEngine/Common/DerivedDataCache/Buckets/AnimationSequence/8b/37/2927ba4ea5058df3f656274ef4410c852263.udd" 3376
"C:/Users/silve/AppData/Local/UnrealEngine/Common/DerivedDataCache/Buckets/AnimationSequence/08/4d/b9a256f9b5d6c71f5f27314d1fd002888901.udd" 3377
"C:/Users/silve/AppData/Local/UnrealEngine/Common/DerivedDataCache/Buckets/LegacyTEXTURE/84/56/aebb79e588c66f093115882962bf24bed90e.udd" 3378
"../../../../../../Users/silve/OneDrive/Documents/Unreal Projects/MergeHouses/Content/Assets/Images/X_Icon.uasset" 3379
"C:/Users/silve/AppData/Local/UnrealEngine/Common/DerivedDataCache/Buckets/LegacyTEXTURE/0f/65/c244bb093dcb3bcb06d2f4a35c08a8932412.udd" 3380
"C:/Users/silve/AppData/Local/UnrealEngine/Common/DerivedDataCache/Buckets/LegacyTEXTURE/ff/fe/a223758ad42d673c566a5008115e37699b3b.udd" 3381
"C:/Users/silve/AppData/Local/UnrealEngine/Common/DerivedDataCache/Buckets/LegacyTEXTURE/37/4d/589cbd370811ca81a433d67287eff7943eda.udd" 3382
"C:/Users/silve/AppData/Local/UnrealEngine/Common/DerivedDataCache/Buckets/LegacyTEXTURE/96/41/ec97b10938fa060536873201fd8f029a8ebc.udd" 3383
"../../../../../../Users/silve/OneDrive/Documents/Unreal Projects/MergeHouses/Content/Assets/Images/Undo_Icon.uasset" 3384
"../../../Engine/Plugins/Animation/ControlRig/Content/Controls/ControlRig_HalfCircle_solid.uasset" 3385
"../../../Engine/Plugins/Animation/ControlRig/Content/Controls/ControlRig_HalfCircle_3mm.uasset" 3386
"../../../Engine/Plugins/Animation/ControlRig/Content/Controls/ControlRig_Diamond_solid.uasset" 3387
"../../../Engine/Plugins/Animation/ControlRig/Content/Controls/ControlRig_HalfCircle_1mm.uasset" 3388
"../../../Engine/Plugins/Animation/ControlRig/Content/Controls/ControlRig_Diamond_3mm.uasset" 3389
"../../../Engine/Plugins/Animation/ControlRig/Content/Controls/ControlRig_Circle_solid.uasset" 3390
"../../../Engine/Plugins/Animation/ControlRig/Content/Controls/ControlRig_Diamond_1mm.uasset" 3391
"../../../Engine/Plugins/Animation/ControlRig/Content/Controls/ControlRig_Circle_3mm.uasset" 3392
"../../../Engine/Plugins/Animation/ControlRig/Content/Controls/ControlRig_Circle_1mm.uasset" 3393
"../../../Engine/Plugins/Animation/ControlRig/Content/Controls/ControlRig_Box_solid.uasset" 3394
"../../../Engine/Plugins/Animation/ControlRig/Content/Controls/ControlRig_Box_3mm.uasset" 3395
"../../../Engine/Plugins/Animation/ControlRig/Content/Controls/ControlRig_Box_1mm.uasset" 3396
"../../../Engine/Plugins/Animation/ControlRig/Content/Controls/ControlRig_Arrow_3mm.uasset" 3397
"../../../Engine/Plugins/Animation/ControlRig/Content/Controls/ControlRig_Arrow_1mm.uasset" 3398
"../../../Engine/Plugins/Animation/ControlRig/Content/Controls/ControlRig_Arrow_solid.uasset" 3399
"../../../Engine/Plugins/Animation/ControlRig/Content/Controls/ControlRig_Arrow4_solid.uasset" 3400
"../../../Engine/Plugins/Animation/ControlRig/Content/Controls/ControlRig_Arrow4_3mm.uasset" 3401
"../../../Engine/Plugins/Animation/ControlRig/Content/Controls/ControlRig_Arrow2_solid.uasset" 3402
"../../../Engine/Plugins/Animation/ControlRig/Content/Controls/ControlRig_Arrow4_1mm.uasset" 3403
"C:/Users/silve/OneDrive/Documents/Unreal Projects/MergeHouses/Content/Assets/Meshes/Dioramas/Diorama8.uasset" 3404
"C:/Users/silve/OneDrive/Documents/Unreal Projects/MergeHouses/Content/Blueprints/BP_MergeTownPawn.uasset" 3405
"../../../Engine/Plugins/Animation/ControlRig/Content/Controls/ControlRig_Arrow2_1mm.uasset" 3406
"../../../Engine/Plugins/Animation/ControlRig/Content/Controls/ControlRig_Arrow2_3mm.uasset" 3407
"../../../Engine/Plugins/Animation/ControlRig/Content/Controls/ControlRig_Sphere_solid.uasset" 3408
"C:/Users/silve/OneDrive/Documents/Unreal Projects/MergeHouses/Content/Blueprints/BP_Table.uasset" 3409
"C:/Users/silve/OneDrive/Documents/Unreal Projects/MergeHouses/Content/Assets/Meshes/Dioramas/Diorama4.uasset" 3410
"../../../Engine/Content/EngineSky/SM_SkySphere.uasset" 3411
"C:/Users/silve/OneDrive/Documents/Unreal Projects/MergeHouses/Content/Blueprints/BP_BoardElement.uasset" 3412
"C:/Users/silve/OneDrive/Documents/Unreal Projects/MergeHouses/Content/Assets/Sound/Merge_Cue.uasset" 3413
"C:/Users/silve/OneDrive/Documents/Unreal Projects/MergeHouses/Content/Assets/Sound/Move_Cue.uasset" 3414
"../../../Engine/Content/EngineSounds/Submixes/MasterEQSubmixDefault.uasset" 3415
"../../../Engine/Content/EngineSounds/Submixes/MasterSubmixDefault.uasset" 3416
"../../../Engine/Content/EngineSounds/Submixes/MasterReverbSubmixDefault.uasset" 3417
"C:/Users/silve/OneDrive/Documents/Unreal Projects/MergeHouses/Content/Blueprints/UMG_MainMenuWidget.uasset" 3418
"C:/Users/silve/OneDrive/Documents/Unreal Projects/MergeHouses/Content/Blueprints/UMG_AuthorsWidget.uasset" 3419
"C:/Users/silve/OneDrive/Documents/Unreal Projects/MergeHouses/Content/Blueprints/BP_TableTopBoard.uasset" 3420
"C:/Users/silve/OneDrive/Documents/Unreal Projects/MergeHouses/Content/Blueprints/Animations/ABP_TableTopBoard.uasset" 3421
"C:/Users/silve/OneDrive/Documents/Unreal Projects/MergeHouses/Content/BP_GameBoard.uasset" 3422
"C:/Users/silve/OneDrive/Documents/Unreal Projects/MergeHouses/Content/Assets/Sound/Move2_Cue.uasset" 3423
"C:/Users/silve/AppData/Local/UnrealEngine/Common/DerivedDataCache/Buckets/LegacyTEXTURE/6b/d2/9f02f8ddf97d7161f0c01330d8f842795f83.udd" 3424
"C:/Users/silve/AppData/Local/UnrealEngine/Common/DerivedDataCache/Buckets/LegacyTEXTURE/52/ba/056a0fbd189be2648a95d04c81a11ab2d9d8.udd" 3425
"C:/Users/silve/AppData/Local/UnrealEngine/Common/DerivedDataCache/Buckets/LegacyTEXTURE/77/cf/280e9026666ce4e25b4f5ecfe7687bdd4de6.udd" 3426
"../../Plugins/Animation/ControlRig/Content/Controls/ControlRig_Wedge_3mm.uasset" 3427
"C:/Users/silve/AppData/Local/UnrealEngine/Common/DerivedDataCache/Buckets/LegacyTEXTURE/c7/f3/91996017184014e8d0ccfa08cdaffc92b907.udd" 3428
"C:/Users/silve/AppData/Local/UnrealEngine/Common/DerivedDataCache/Buckets/LegacyTEXTURE/fb/86/b3196f6ca00c6df5426ad286ff9e6d6b30e1.udd" 3429
"../../Plugins/Animation/ControlRig/Content/Controls/ControlRig_Wedge_1mm.uasset" 3430
"C:/Users/silve/AppData/Local/UnrealEngine/Common/DerivedDataCache/Buckets/LegacyTEXTURE/e5/cd/1f57d814c71042e1f20235fdca34c8b63cb3.udd" 3431
"C:/Users/silve/AppData/Local/UnrealEngine/Common/DerivedDataCache/Buckets/LegacyTEXTURE/8a/5c/4cf9eb979e0d2a0ad77804b45545817a52b5.udd" 3432
"../../Plugins/Animation/ControlRig/Content/Controls/ControlRig_Triangle_solid.uasset" 3433
"../../Plugins/Animation/ControlRig/Content/Controls/ControlRig_Triangle_3mm.uasset" 3434
"../../Plugins/Animation/ControlRig/Content/Controls/ControlRig_Triangle_1mm.uasset" 3435
"../../Plugins/Animation/ControlRig/Content/Controls/ControlRig_Star4_solid.uasset" 3436
"../../Plugins/Animation/ControlRig/Content/Controls/ControlRig_Star4_3mm.uasset" 3437
"../../Plugins/Animation/ControlRig/Content/Controls/ControlRig_Star4_1mm.uasset" 3438
"../../Plugins/Animation/ControlRig/Content/Controls/ControlRig_Square_solid.uasset" 3439
"../../Plugins/Animation/ControlRig/Content/Controls/ControlRig_Square_3mm.uasset" 3440
"../../Plugins/Animation/ControlRig/Content/Controls/ControlRig_Square_1mm.uasset" 3441
"../../Plugins/Animation/ControlRig/Content/Controls/ControlRig_Sphere_3mm.uasset" 3442
"C:/Users/silve/AppData/Local/UnrealEngine/Common/DerivedDataCache/Buckets/LegacyTEXTURE/f1/46/b3d97694b1d0b2c22fd8f1757ede13b8a887.udd" 3443
"C:/Users/silve/AppData/Local/UnrealEngine/Common/DerivedDataCache/Buckets/LegacyTEXTURE/d2/4f/61aa17083825a534431b9bdb67bf5d21adc9.udd" 3444
"C:/Users/silve/AppData/Local/UnrealEngine/Common/DerivedDataCache/Buckets/LegacyTEXTURE/4c/71/d38d08d5c85430c288324bba2a4242b9ead8.udd" 3445
"C:/Users/silve/AppData/Local/UnrealEngine/Common/DerivedDataCache/Buckets/LegacyTEXTURE/02/02/130f5498c873900bf32b7fdfa55cadc78437.udd" 3446
"../../Plugins/Animation/ControlRig/Content/Controls/ControlRig_Sphere_1mm.uasset" 3447
"../../../../../../Users/silve/OneDrive/Documents/Unreal Projects/MergeHouses/Content/Levels/Map_Main.umap" 3448
"../../Plugins/Animation/ControlRig/Content/Controls/ControlRig_RoundedTriangle_solid.uasset" 3449
"../../Plugins/Animation/ControlRig/Content/Controls/ControlRig_RoundedTriangle_3mm.uasset" 3450
"../../Plugins/Animation/ControlRig/Content/Controls/ControlRig_RoundedTriangle_1mm.uasset" 3451
"../../Plugins/Animation/ControlRig/Content/Controls/ControlRig_RoundedSquare_solid.uasset" 3452
"../../Plugins/Animation/ControlRig/Content/Controls/ControlRig_RoundedSquare_3mm.uasset" 3453
"../../Plugins/Animation/ControlRig/Content/Controls/ControlRig_RoundedSquare_1mm.uasset" 3454
"../../Plugins/Animation/ControlRig/Content/Controls/ControlRig_QuarterCircle_solid.uasset" 3455
"../../Plugins/Animation/ControlRig/Content/Controls/ControlRig_QuarterCircle_3mm.uasset" 3456
"../../Plugins/Animation/ControlRig/Content/Controls/ControlRig_QuarterCircle_1mm.uasset" 3457
"../../Plugins/Animation/ControlRig/Content/Controls/ControlRig_Pyramid_solid.uasset" 3458
"../../Plugins/Animation/ControlRig/Content/Controls/ControlRig_Pyramid_3mm.uasset" 3459
"C:/Users/silve/AppData/Local/UnrealEngine/Common/DerivedDataCache/Buckets/LegacyTEXTURE/cc/b1/f0ff5a5f8c1f50036e61e7e3639e53e2746c.udd" 3460
"C:/Users/silve/AppData/Local/UnrealEngine/Common/DerivedDataCache/Buckets/LegacyTEXTURE/56/ca/9397f2d2fb3eb23f783767ae19a6118476b1.udd" 3461
"C:/Users/silve/AppData/Local/UnrealEngine/Common/DerivedDataCache/Buckets/LegacyTEXTURE/ab/af/0bdf07ba378fe3787c28acf5280d31fc1e7c.udd" 3462
"../../Plugins/Animation/ControlRig/Content/Controls/ControlRig_Pyramid_1mm.uasset" 3463
"C:/Users/silve/AppData/Local/UnrealEngine/Common/DerivedDataCache/Buckets/LegacyTEXTURE/b5/7d/54ec7381a264a7ae566ef8f726abee6e5a9f.udd" 3464
"C:/Users/silve/AppData/Local/UnrealEngine/Common/DerivedDataCache/Buckets/LegacyTEXTURE/0a/57/e5629c0bb3b424499ecbfd2e9d862bbb36e1.udd" 3465
"../../Plugins/Animation/ControlRig/Content/Controls/ControlRig_Octagon_solid.uasset" 3466
"../../Plugins/Animation/ControlRig/Content/Controls/ControlRig_Octagon_3mm.uasset" 3467
"../../Plugins/Animation/ControlRig/Content/Controls/ControlRig_Octagon_1mm.uasset" 3468
"../../Plugins/Animation/ControlRig/Content/Controls/ControlRig_Hexagon_solid.uasset" 3469
"../../Plugins/Animation/ControlRig/Content/Controls/ControlRig_Hexagon_3mm.uasset" 3470
"../../Plugins/Animation/ControlRig/Content/Controls/ControlRig_Hexagon_1mm.uasset" 3471
"../../Plugins/Animation/ControlRig/Content/Controls/ControlRig_HalfCircle_solid.uasset" 3472
"../../Plugins/Animation/ControlRig/Content/Controls/ControlRig_HalfCircle_3mm.uasset" 3473
"../../Plugins/Animation/ControlRig/Content/Controls/ControlRig_HalfCircle_1mm.uasset" 3474
"../../Plugins/Animation/ControlRig/Content/Controls/ControlRig_Diamond_solid.uasset" 3475
"../../Plugins/Animation/ControlRig/Content/Controls/ControlRig_Diamond_3mm.uasset" 3476
"../../Plugins/Animation/ControlRig/Content/Controls/ControlRig_Diamond_1mm.uasset" 3477
"../../Plugins/Animation/ControlRig/Content/Controls/ControlRig_Circle_solid.uasset" 3478
"../../Plugins/Animation/ControlRig/Content/Controls/ControlRig_Circle_3mm.uasset" 3479
"../../Plugins/Animation/ControlRig/Content/Controls/ControlRig_Circle_1mm.uasset" 3480
"../../Plugins/Animation/ControlRig/Content/Controls/ControlRig_Box_solid.uasset" 3481
"../../Plugins/Animation/ControlRig/Content/Controls/ControlRig_Box_3mm.uasset" 3482
"../../Plugins/Animation/ControlRig/Content/Controls/ControlRig_Box_1mm.uasset" 3483
"../../Plugins/Animation/ControlRig/Content/Controls/ControlRig_Arrow_solid.uasset" 3484
"../../Plugins/Animation/ControlRig/Content/Controls/ControlRig_Arrow_3mm.uasset" 3485
"../../Plugins/Animation/ControlRig/Content/Controls/ControlRig_Arrow_1mm.uasset" 3486
"../../Plugins/Animation/ControlRig/Content/Controls/ControlRig_Arrow4_solid.uasset" 3487
"../../Plugins/Animation/ControlRig/Content/Controls/ControlRig_Arrow4_3mm.uasset" 3488
"../../Plugins/Animation/ControlRig/Content/Controls/ControlRig_Arrow4_1mm.uasset" 3489
"../../Plugins/Animation/ControlRig/Content/Controls/ControlRig_Arrow2_solid.uasset" 3490
"../../Plugins/Animation/ControlRig/Content/Controls/ControlRig_Arrow2_3mm.uasset" 3491
"../../Plugins/Animation/ControlRig/Content/Controls/ControlRig_Arrow2_1mm.uasset" 3492
"../../Plugins/Animation/ControlRig/Content/Controls/ControlRig_Sphere_solid.uasset" 3493
"C:/Users/silve/AppData/Local/UnrealEngine/Common/DerivedDataCache/Buckets/StaticMesh/7e/d1/5b8e97b29c218879faad74c74304a3b21d3e.udd" 3494
"C:/Users/silve/AppData/Local/UnrealEngine/Common/DerivedDataCache/Content/a4/a3/db9d6c37101a779a5d4666652086df5aa57f.udd" 3495
"C:/Users/silve/AppData/Local/UnrealEngine/Common/DerivedDataCache/Buckets/LegacyCARD/52/64/6d6268cd25df45793b9cfb6fd467a68b05da.udd" 3496
"C:/Users/silve/AppData/Local/UnrealEngine/Common/DerivedDataCache/Buckets/LegacyChaosGeometryData/27/17/b6022b449a94f98b92d2dfb7db7022192f11.udd" 3497
"C:/Users/silve/AppData/Local/UnrealEngine/Common/DerivedDataCache/Content/5f/fa/0c967191f3561afbe058c834aa4c77939036.udd" 3498
"C:/Users/silve/AppData/Local/UnrealEngine/Common/DerivedDataCache/Buckets/LegacyNavCollision/fe/65/98075fbcb3b048d7dc02bceacf7403c0198d.udd" 3499
"C:/Users/silve/AppData/Local/UnrealEngine/Common/DerivedDataCache/Buckets/StaticMesh/bc/17/2f274c142016b83d40d7e81359526fa215e4.udd" 3500
"C:/Users/silve/AppData/Local/UnrealEngine/Common/DerivedDataCache/Content/00/c6/8eb6611301b12fa65a2e7bf3a74a0023d2de.udd" 3501
"C:/Users/silve/AppData/Local/UnrealEngine/Common/DerivedDataCache/Buckets/LegacyCARD/02/2e/6cbe1b0b162f63debeafac0a1577ec4adb4e.udd" 3502
"C:/Users/silve/AppData/Local/UnrealEngine/Common/DerivedDataCache/Buckets/LegacyChaosGeometryData/27/e0/df3a546bee6291e4e43c0826a821ca221abc.udd" 3503
"C:/Users/silve/AppData/Local/UnrealEngine/Common/DerivedDataCache/Buckets/LegacyNavCollision/0d/55/9553e859aeb64d70d6727a4ff5b27adaa4b0.udd" 3504
"C:/Users/silve/AppData/Local/UnrealEngine/Common/DerivedDataCache/Buckets/StaticMesh/73/40/b80a0e6614eefb8fd617b04d4a137817c4ec.udd" 3505
"C:/Users/silve/AppData/Local/UnrealEngine/Common/DerivedDataCache/Buckets/LegacyCARD/97/51/81d074c14e9c05b8927431e0132df4a339d3.udd" 3506
"C:/Users/silve/AppData/Local/UnrealEngine/Common/DerivedDataCache/Buckets/LegacyNavCollision/6d/2e/9484156830df3083978bda43015fa32bf62f.udd" 3507
"../../../../../../Users/silve/OneDrive/Documents/Unreal Projects/MergeHouses/Content/Assets/Images/Sound_On_Icon_2.uasset" 3508
"C:/Users/silve/AppData/Local/UnrealEngine/Common/DerivedDataCache/Buckets/LegacyTEXTURE/4f/89/e1746added295cc5087175639a9948f7f885.udd" 3509
"C:/Users/silve/AppData/Local/UnrealEngine/Common/DerivedDataCache/Buckets/LegacyTEXTURE/f1/6e/da42b1e6003cf18e7f6d48ec74d190d00890.udd" 3510
"C:/Users/silve/AppData/Local/UnrealEngine/Common/DerivedDataCache/Buckets/LegacyTEXTURE/62/3e/6f60f4412d062e023d99aab15e406b28e53e.udd" 3511
"C:/Users/silve/AppData/Local/UnrealEngine/Common/DerivedDataCache/Buckets/LegacyTEXTURE/d6/0c/45a0804236d69066de0205490927d17b82e1.udd" 3512
"../../../../../../Users/silve/OneDrive/Documents/Unreal Projects/MergeHouses/Content/Assets/Images/Sound_Off_Icon_2.uasset" 3513
"C:/Users/silve/AppData/Local/UnrealEngine/Common/DerivedDataCache/Buckets/LegacyTEXTURE/a4/29/f33285401cb5cbf5e4ac289e2290294da3f6.udd" 3514
"C:/Users/silve/AppData/Local/UnrealEngine/Common/DerivedDataCache/Buckets/LegacyTEXTURE/39/6f/d351a70331a4b1deafb809877d6febe6441a.udd" 3515
"../../../../../../Users/silve/OneDrive/Documents/Unreal Projects/MergeHouses/Content/Assets/Images/Remove_Icon_Active.uasset" 3516
"C:/Users/silve/AppData/Local/UnrealEngine/Common/DerivedDataCache/Buckets/LegacyTEXTURE/3a/6c/50ada40cc7a3feb4ab1a8da84732cfb3ac1e.udd" 3517
"C:/Users/silve/AppData/Local/UnrealEngine/Common/DerivedDataCache/Buckets/LegacyTEXTURE/d5/9f/5e764edc06fb9c2c5e56586a75a8dcf0aa50.udd" 3518
"../../../Engine/Content/EditorResources/EmptyActor.uasset" 3519
"C:/Users/silve/AppData/Local/UnrealEngine/Common/DerivedDataCache/Buckets/BulkDataList/ee/9b/8b63b475a0e8106b5a22390d8bdbad7610de.udd" 3520
"C:/Users/silve/AppData/Local/UnrealEngine/Common/DerivedDataCache/Buckets/LegacyTEXTURE/33/0e/156bdd8a47fa4c0caae9c2fc9feed982f927.udd" 3521
"C:/Users/silve/AppData/Local/UnrealEngine/Common/DerivedDataCache/Buckets/LegacyTEXTURE/72/87/9c6c378aebbb68708228fa5a3d97b08f522e.udd" 3522
"C:/Users/silve/AppData/Local/UnrealEngine/Common/DerivedDataCache/Buckets/LegacyTEXTURE/3e/83/3b7bc0bfae55d1c66363865d3c499ac180aa.udd" 3523
"C:/Users/silve/AppData/Local/UnrealEngine/Common/DerivedDataCache/Buckets/LegacyTEXTURE/8a/08/6a0bcd00ab1e95988f2109174f8b1c69e009.udd" 3524
"../../../../../../Users/silve/OneDrive/Documents/Unreal Projects/MergeHouses/Content/Assets/Images/Remove_Icon.uasset" 3525
"C:/Users/silve/AppData/Local/UnrealEngine/Common/DerivedDataCache/Buckets/LegacyTEXTURE/a1/3a/b8b19ddbe5e49d51f4eaef7984474d41708a.udd" 3526
"../../../../../../Users/silve/OneDrive/Documents/Unreal Projects/MergeHouses/Content/Assets/Images/Music_On_Icon_2.uasset" 3527
"C:/Users/silve/AppData/Local/UnrealEngine/Common/DerivedDataCache/Buckets/LegacyTEXTURE/58/2d/5430d8fea920ad8805006d1986aa7d945c4f.udd" 3528
"C:/Users/silve/AppData/Local/UnrealEngine/Common/DerivedDataCache/Buckets/LegacyTEXTURE/30/b2/12db1dde762e318d0cd8c6eee2321cdea871.udd" 3529
"C:/Users/silve/AppData/Local/UnrealEngine/Common/DerivedDataCache/Buckets/LegacyTEXTURE/72/59/3afb54c582ebbe4e43c8e1c2687e3f551b7e.udd" 3530
"C:/Users/silve/AppData/Local/UnrealEngine/Common/DerivedDataCache/Buckets/LegacyTEXTURE/b7/11/183d69f6314332d5417ceb491bb83f16df13.udd" 3531
"C:/Users/silve/AppData/Local/UnrealEngine/Common/DerivedDataCache/Buckets/LegacyTEXTURE/90/c6/09e6d4f8a68d906c916299e8c68bd1a4b5b9.udd" 3532
"../../../../../../Users/silve/OneDrive/Documents/Unreal Projects/MergeHouses/Content/Assets/Images/Music_Off_Icon_2.uasset" 3533
"C:/Users/silve/AppData/Local/UnrealEngine/Common/DerivedDataCache/Buckets/LegacyTEXTURE/56/87/96ec7c43ade04648009af7028cf1f4550883.udd" 3534
"C:/Users/silve/AppData/Local/UnrealEngine/Common/DerivedDataCache/Buckets/LegacyTEXTURE/93/43/11a2ebd83ede2f30d5bd146c66cb923615d5.udd" 3535
"../../../../../../Users/silve/OneDrive/Documents/Unreal Projects/MergeHouses/Content/Assets/Images/Menu_Icon.uasset" 3536
"C:/Users/silve/AppData/Local/UnrealEngine/Common/DerivedDataCache/Buckets/LegacyTEXTURE/aa/5b/1cfdc6d0391dc3d239aeaa764e65ec41c148.udd" 3537
"C:/Users/silve/AppData/Local/UnrealEngine/Common/DerivedDataCache/Buckets/LegacyTEXTURE/62/d4/58bfaedce83f4882956c87e115f9bfbe25d1.udd" 3538
"C:/Users/silve/AppData/Local/UnrealEngine/Common/DerivedDataCache/Buckets/LegacyTEXTURE/e7/25/9496b6b6049c30687b4ccf3b5c5fc6cc05cb.udd" 3539
"../../../../../../Users/silve/OneDrive/Documents/Unreal Projects/MergeHouses/Content/Assets/Images/Menu.uasset" 3540
"C:/Users/silve/AppData/Local/UnrealEngine/Common/DerivedDataCache/Buckets/LegacyTEXTURE/e9/f5/790a738f2b6d4f995886157658b9900bda74.udd" 3541
"C:/Users/silve/AppData/Local/UnrealEngine/Common/DerivedDataCache/Buckets/LegacyTEXTURE/c8/de/e6e71711ff1b085286b23bd6292e6f58a9e8.udd" 3542
"C:/Users/silve/AppData/Local/UnrealEngine/Common/DerivedDataCache/Buckets/LegacyTEXTURE/96/b1/d5ac09a2e5e6051aeab23443f797ba9b6b5b.udd" 3543
"../../../../../../Users/silve/OneDrive/Documents/Unreal Projects/MergeHouses/Content/Assets/Images/How_To_Icon.uasset" 3544
"C:/Users/silve/AppData/Local/UnrealEngine/Common/DerivedDataCache/Buckets/LegacyTEXTURE/4d/7d/0897677ea58dc13c26045c596b294e60e19e.udd" 3545
"C:/Users/silve/AppData/Local/UnrealEngine/Common/DerivedDataCache/Buckets/LegacyTEXTURE/1d/3f/39c010430e6cb25d23389e7462cb208e092a.udd" 3546
"C:/Users/silve/AppData/Local/UnrealEngine/Common/DerivedDataCache/Buckets/LegacyTEXTURE/98/52/8414d4e39e5bff9cd27e04b53acd86eecf3b.udd" 3547
"C:/Users/silve/AppData/Local/UnrealEngine/Common/DerivedDataCache/Buckets/LegacyTEXTURE/46/22/e0245af34981ca3925bdb9846ede5899e4eb.udd" 3548
"../../../../../../Users/silve/OneDrive/Documents/Unreal Projects/MergeHouses/Content/Assets/Images/Authors_Icon.uasset" 3549
"C:/Users/silve/AppData/Local/UnrealEngine/Common/DerivedDataCache/Buckets/LegacyTEXTURE/7d/57/61159cdc018b6e7a71d55de135ec1a15f220.udd" 3550
"C:/Users/silve/AppData/Local/UnrealEngine/Common/DerivedDataCache/Buckets/LegacyTEXTURE/f5/d4/e4e08b949f698526debaf55ca83cd4f17da2.udd" 3551
"C:/Users/silve/AppData/Local/UnrealEngine/Common/DerivedDataCache/Buckets/LegacyTEXTURE/28/9a/b8253856dc8799dc74626775f9f546bae651.udd" 3552
"C:/Users/silve/AppData/Local/UnrealEngine/Common/DerivedDataCache/Buckets/LegacyTEXTURE/34/46/58c02befe13c0bd6a21aee3fd69ee4e82aaa.udd" 3553
"C:/Users/silve/AppData/Local/UnrealEngine/Common/DerivedDataCache/Buckets/LegacyTEXTURE/fd/1d/843e050148ad154a53573c7580ed16665229.udd" 3554
"C:/Users/silve/AppData/Local/UnrealEngine/Common/DerivedDataCache/Buckets/LegacyTEXTURE/d6/9f/37235042eeb73deb8ef1cf6c6cc2159b0c37.udd" 3555
"C:/Users/silve/AppData/Local/UnrealEngine/Common/DerivedDataCache/Buckets/LegacyTEXTURE/f0/cf/ae8ac311475a75dce3863fcd1d2d21a8617e.udd" 3556
"C:/Users/silve/AppData/Local/UnrealEngine/Common/DerivedDataCache/Buckets/LegacyTEXTURE/3f/b4/4bd0b39937e32e5d05a7d9df0b2d2613d756.udd" 3557
"C:/Users/silve/AppData/Local/UnrealEngine/Common/DerivedDataCache/Buckets/LegacyTEXTURE/57/00/f0ab52ba2c3cae5074d40368dcae8690a86b.udd" 3558
"C:/Users/silve/AppData/Local/UnrealEngine/Common/DerivedDataCache/Buckets/LegacyTEXTURE/81/14/ed8d8b9a37e5ff096c26a61593daac79f9d6.udd" 3559
"C:/Users/silve/AppData/Local/UnrealEngine/Common/DerivedDataCache/Buckets/LegacyTEXTURE/d4/7f/116a1b6d4381e886ebc8d55c7ae6cc45661a.udd" 3560
"C:/Users/silve/AppData/Local/UnrealEngine/Common/DerivedDataCache/Buckets/LegacyTEXTURE/81/c3/5f0356172113a9afe7c9f6dd3e046ce65a8a.udd" 3561
"C:/Users/silve/AppData/Local/UnrealEngine/Common/DerivedDataCache/Buckets/LegacyTEXTURE/b9/e6/e871ee631a57233f77c28de1324ec1901891.udd" 3562
"C:/Users/silve/AppData/Local/UnrealEngine/Common/DerivedDataCache/Buckets/LegacyTEXTURE/b4/cb/5efa3d8e17bb55181e063e4447bf2ce8356c.udd" 3563
"C:/Users/silve/AppData/Local/UnrealEngine/Common/DerivedDataCache/Buckets/LegacyTEXTURE/5a/2f/a0dea0141d77aebf89e504a23aa9090dce04.udd" 3564
"C:/Users/silve/AppData/Local/UnrealEngine/Common/DerivedDataCache/Buckets/LegacyTEXTURE/3c/de/9a2509cdb3d5a797aa512a188f977dfdb85a.udd" 3565
"C:/Users/silve/AppData/Local/UnrealEngine/Common/DerivedDataCache/Buckets/LegacyTEXTURE/bb/9b/4c5824bdaa7606ad3f1871f61666dc4252a2.udd" 3566
"C:/Users/silve/AppData/Local/UnrealEngine/Common/DerivedDataCache/Buckets/LegacyTEXTURE/b6/e9/07aea969566a372e4243811259c9694e441c.udd" 3567
"C:/Users/silve/AppData/Local/UnrealEngine/Common/DerivedDataCache/Buckets/LegacyTEXTURE/47/a7/583a7ac0091063022464a8c04f7927f032ea.udd" 3568
"C:/Users/silve/AppData/Local/UnrealEngine/Common/DerivedDataCache/Buckets/LegacyTEXTURE/1e/2b/823603b90d510a2a67992a5cc5e0ecc1e868.udd" 3569
"C:/Users/silve/AppData/Local/UnrealEngine/Common/DerivedDataCache/Buckets/LegacyTEXTURE/95/22/f60593b5ee6b682499a9835f26f5fb1a4dcc.udd" 3570
"C:/Users/silve/AppData/Local/UnrealEngine/Common/DerivedDataCache/Buckets/LegacyTEXTURE/55/12/4b4eca5cbe3630c6a552005ed9a661807096.udd" 3571
